Row	Year	Week	N. Hemisphere	Eurasia	N. America	N. America (no Greenland)
1	2026	14	31.80	17.64	14.16	12.01
2	2026	13	34.34	19.94	14.40	12.25
3	2026	12	36.55	22.29	14.26	12.11
4	2026	11	40.05	23.43	16.62	14.47
5	2026	10	40.02	24.87	15.15	13.00
6	2026	9	41.64	26.01	15.62	13.48
7	2026	8	43.61	26.08	17.53	15.38
8	2026	7	42.54	26.98	15.57	13.42
9	2026	6	44.12	28.06	16.06	13.91
10	2026	5	46.39	29.19	17.20	15.05
11	2026	4	49.24	30.00	19.25	17.10
12	2026	3	46.18	29.87	16.30	14.15
13	2026	2	46.01	29.25	16.76	14.61
14	2026	1	46.47	30.37	16.10	13.95
15	2025	52	45.38	28.13	17.25	15.10
16	2025	51	40.54	24.99	15.55	13.41
17	2025	50	42.08	25.47	16.61	14.46
18	2025	49	38.79	21.72	17.08	14.93
19	2025	48	37.73	20.92	16.82	14.67
20	2025	47	34.93	21.71	13.22	11.07
21	2025	46	32.46	19.56	12.90	10.75
22	2025	45	31.86	18.72	13.14	10.99
23	2025	44	24.21	14.87	9.34	7.19
24	2025	43	20.72	12.49	8.23	6.08
25	2025	42	17.96	11.20	6.76	4.61
26	2025	41	16.53	9.54	6.99	4.85
27	2025	40	12.42	7.32	5.10	2.95
28	2025	39	8.15	4.38	3.76	1.62
29	2025	38	6.28	2.86	3.42	1.27
30	2025	37	4.26	1.03	3.23	1.12
31	2025	36	3.63	0.25	3.38	1.27
32	2025	35	3.79	0.17	3.62	1.51
33	2025	34	2.71	0.12	2.59	0.48
34	2025	33	2.71	0.12	2.58	0.47
35	2025	32	2.67	0.12	2.55	0.44
36	2025	31	2.71	0.12	2.59	0.48
37	2025	30	2.67	0.16	2.51	0.40
38	2025	29	2.78	0.16	2.62	0.51
39	2025	28	2.89	0.16	2.73	0.58
40	2025	27	3.30	0.31	2.99	0.84
41	2025	26	3.75	0.38	3.37	1.22
42	2025	25	4.87	0.85	4.03	1.88
43	2025	24	6.87	2.05	4.82	2.67
44	2025	23	9.27	3.68	5.58	3.43
45	2025	22	11.73	5.64	6.09	3.94
46	2025	21	15.05	7.22	7.83	5.68
47	2025	20	17.81	9.02	8.80	6.65
48	2025	19	19.11	9.84	9.27	7.12
49	2025	18	22.51	12.08	10.43	8.28
50	2025	17	25.72	13.60	12.12	9.97
51	2025	16	26.46	13.68	12.78	10.63
52	2025	15	29.30	16.16	13.13	10.98
53	2025	14	31.33	17.14	14.19	12.05
54	2025	13	33.80	19.08	14.73	12.58
55	2025	12	35.89	20.81	15.08	12.93
56	2025	11	39.67	24.26	15.40	13.25
57	2025	10	39.69	23.99	15.69	13.55
58	2025	9	44.14	28.44	15.70	13.55
59	2025	8	45.81	28.94	16.87	14.73
60	2025	7	47.39	29.14	18.25	16.10
61	2025	6	45.06	28.16	16.89	14.74
62	2025	5	43.03	26.20	16.83	14.68
63	2025	4	44.58	27.04	17.54	15.39
64	2025	3	43.66	26.06	17.60	15.45
65	2025	2	47.34	28.79	18.56	16.41
66	2025	1	45.68	27.61	18.07	15.92
67	2024	52	42.50	26.55	15.95	13.80
68	2024	51	43.10	26.57	16.54	14.39
69	2024	50	44.75	28.77	15.97	13.82
70	2024	49	40.71	24.81	15.90	13.75
71	2024	48	40.77	24.06	16.71	14.56
72	2024	47	40.22	25.03	15.18	13.03
73	2024	46	32.09	19.77	12.32	10.17
74	2024	45	29.68	17.90	11.78	9.63
75	2024	44	27.92	16.93	10.99	8.84
76	2024	43	22.32	11.97	10.35	8.20
77	2024	42	20.72	12.31	8.41	6.26
78	2024	41	17.66	12.14	5.52	3.37
79	2024	40	10.96	6.20	4.76	2.61
80	2024	39	8.00	4.23	3.76	1.61
81	2024	38	4.83	1.84	2.98	0.84
82	2024	37	4.27	1.44	2.83	0.68
83	2024	36	3.32	0.53	2.79	0.64
84	2024	35	2.78	0.15	2.63	0.56
85	2024	34	2.67	0.12	2.54	0.44
86	2024	33	2.54	0.12	2.42	0.40
87	2024	32	2.54	0.12	2.42	0.40
88	2024	31	2.54	0.12	2.42	0.40
89	2024	30	2.64	0.18	2.46	0.39
90	2024	29	2.64	0.18	2.46	0.39
91	2024	28	2.71	0.22	2.50	0.43
92	2024	27	2.91	0.22	2.69	0.62
93	2024	26	4.15	0.53	3.61	1.46
94	2024	25	5.26	1.20	4.06	1.91
95	2024	24	6.67	1.95	4.71	2.56
96	2024	23	8.27	3.22	5.05	2.91
97	2024	22	10.44	4.60	5.84	3.69
98	2024	21	14.43	7.45	6.98	4.83
99	2024	20	17.49	9.31	8.19	6.04
100	2024	19	19.43	10.42	9.01	6.86
101	2024	18	21.63	11.91	9.72	7.57
102	2024	17	24.16	13.57	10.59	8.44
103	2024	16	26.83	15.15	11.68	9.53
104	2024	15	27.56	15.94	11.62	9.48
105	2024	14	32.54	18.70	13.84	11.69
106	2024	13	35.13	20.46	14.67	12.52
107	2024	12	38.67	22.61	16.06	13.91
108	2024	11	37.89	23.49	14.41	12.26
109	2024	10	39.48	24.56	14.92	12.77
110	2024	9	41.54	25.80	15.74	13.59
111	2024	8	42.78	27.91	14.87	12.72
112	2024	7	43.41	26.78	16.64	14.49
113	2024	6	44.32	27.61	16.71	14.56
114	2024	5	46.66	31.25	15.41	13.26
115	2024	4	45.03	28.37	16.66	14.51
116	2024	3	48.16	29.70	18.46	16.31
117	2024	2	48.67	29.35	19.32	17.17
118	2024	1	46.61	28.12	18.49	16.34
119	2023	52	40.93	25.87	15.07	12.92
120	2023	51	43.04	27.94	15.10	12.95
121	2023	50	44.19	29.68	14.51	12.36
122	2023	49	42.94	27.72	15.21	13.06
123	2023	48	39.90	25.15	14.75	12.60
124	2023	47	40.75	24.73	16.02	13.87
125	2023	46	35.23	22.14	13.08	10.93
126	2023	45	32.22	19.68	12.54	10.39
127	2023	44	31.78	19.73	12.05	9.90
128	2023	43	29.79	16.57	13.22	11.07
129	2023	42	19.67	11.76	7.91	5.77
130	2023	41	14.96	9.24	5.72	3.57
131	2023	40	11.17	5.07	6.09	3.94
132	2023	39	9.70	4.86	4.84	2.69
133	2023	38	6.11	2.19	3.92	1.81
134	2023	37	4.34	1.09	3.25	1.14
135	2023	36	3.62	0.36	3.26	1.15
136	2023	35	3.32	0.29	3.03	0.96
137	2023	34	2.78	0.20	2.57	0.67
138	2023	33	2.33	0.15	2.18	0.24
139	2023	32	2.37	0.15	2.22	0.23
140	2023	31	2.45	0.15	2.31	0.28
141	2023	30	2.57	0.15	2.42	0.39
142	2023	29	2.63	0.17	2.46	0.43
143	2023	28	2.72	0.23	2.50	0.43
144	2023	27	3.02	0.29	2.73	0.71
145	2023	26	3.45	0.29	3.16	1.01
146	2023	25	4.54	0.75	3.79	1.64
147	2023	24	6.18	1.78	4.40	2.25
148	2023	23	6.77	2.26	4.51	2.36
149	2023	22	8.50	3.54	4.96	2.81
150	2023	21	11.77	6.21	5.55	3.40
151	2023	20	15.22	8.35	6.87	4.72
152	2023	19	19.10	10.91	8.19	6.04
153	2023	18	21.97	12.55	9.42	7.27
154	2023	17	25.65	14.12	11.53	9.38
155	2023	16	28.38	15.14	13.24	11.09
156	2023	15	30.44	16.50	13.95	11.80
157	2023	14	33.12	17.61	15.51	13.36
158	2023	13	36.88	20.36	16.52	14.37
159	2023	12	37.32	20.66	16.66	14.51
160	2023	11	38.97	22.29	16.69	14.54
161	2023	10	40.76	23.31	17.45	15.30
162	2023	9	41.66	24.16	17.50	15.35
163	2023	8	45.33	27.51	17.83	15.68
164	2023	7	44.25	27.29	16.96	14.81
165	2023	6	47.09	30.21	16.88	14.73
166	2023	5	46.15	28.54	17.62	15.47
167	2023	4	46.66	28.46	18.20	16.05
168	2023	3	47.77	29.38	18.39	16.24
169	2023	2	47.51	30.37	17.13	14.98
170	2023	1	44.15	27.08	17.07	14.92
171	2022	52	42.55	25.43	17.12	14.97
172	2022	51	44.36	25.91	18.45	16.30
173	2022	50	44.68	26.90	17.78	15.63
174	2022	49	43.90	26.64	17.27	15.12
175	2022	48	41.33	25.24	16.09	13.94
176	2022	47	39.99	24.72	15.28	13.13
177	2022	46	40.98	24.68	16.30	14.15
178	2022	45	36.26	20.45	15.81	13.66
179	2022	44	32.72	19.34	13.38	11.23
180	2022	43	25.97	15.94	10.03	7.88
181	2022	42	20.27	11.48	8.79	6.64
182	2022	41	17.00	9.17	7.84	5.69
183	2022	40	14.29	8.23	6.06	3.91
184	2022	39	11.64	6.48	5.16	3.01
185	2022	38	9.33	4.94	4.39	2.24
186	2022	37	4.25	1.27	2.98	0.87
187	2022	36	3.04	0.58	2.46	0.44
188	2022	35	2.97	0.43	2.54	0.51
189	2022	34	2.41	0.15	2.26	0.28
190	2022	33	2.39	0.12	2.26	0.28
191	2022	32	2.46	0.12	2.34	0.36
192	2022	31	2.38	0.12	2.26	0.27
193	2022	30	2.42	0.12	2.30	0.32
194	2022	29	2.38	0.12	2.26	0.28
195	2022	28	2.74	0.16	2.58	0.43
196	2022	27	2.84	0.19	2.65	0.50
197	2022	26	3.12	0.22	2.91	0.76
198	2022	25	4.38	0.58	3.80	1.65
199	2022	24	4.85	0.78	4.06	1.91
200	2022	23	5.72	1.06	4.66	2.51
201	2022	22	8.56	2.61	5.95	3.80
202	2022	21	12.97	5.49	7.48	5.33
203	2022	20	14.97	6.54	8.43	6.28
204	2022	19	19.47	9.63	9.84	7.69
205	2022	18	23.47	12.06	11.41	9.26
206	2022	17	25.73	13.16	12.58	10.43
207	2022	16	29.07	15.25	13.82	11.67
208	2022	15	31.27	16.33	14.93	12.78
209	2022	14	33.11	18.92	14.19	12.04
210	2022	13	35.84	21.73	14.10	11.96
211	2022	12	37.46	22.72	14.74	12.59
212	2022	11	39.46	24.54	14.92	12.77
213	2022	10	41.10	24.86	16.24	14.09
214	2022	9	43.88	26.53	17.35	15.20
215	2022	8	43.24	26.64	16.60	14.45
216	2022	7	45.69	28.80	16.90	14.75
217	2022	6	46.35	29.96	16.39	14.24
218	2022	5	47.83	30.59	17.24	15.09
219	2022	4	48.23	31.14	17.10	14.95
220	2022	3	48.62	31.29	17.33	15.18
221	2022	2	46.59	28.77	17.81	15.67
222	2022	1	45.89	28.30	17.59	15.44
223	2021	53	46.81	27.88	18.93	16.78
224	2021	52	47.88	30.49	17.39	15.24
225	2021	51	43.89	26.71	17.18	15.03
226	2021	50	43.05	26.95	16.11	13.96
227	2021	49	41.45	26.31	15.14	13.00
228	2021	48	39.55	24.97	14.58	12.43
229	2021	47	37.49	23.80	13.68	11.53
230	2021	46	34.68	21.28	13.41	11.26
231	2021	45	30.78	20.59	10.18	8.03
232	2021	44	24.52	14.80	9.72	7.57
233	2021	43	20.43	13.05	7.38	5.23
234	2021	42	18.73	11.12	7.61	5.46
235	2021	41	14.17	7.44	6.73	4.58
236	2021	40	10.41	5.10	5.32	3.17
237	2021	39	7.89	2.60	5.30	3.15
238	2021	38	4.90	0.87	4.02	1.88
239	2021	37	3.91	0.61	3.30	1.15
240	2021	36	3.29	0.26	3.03	0.96
241	2021	35	2.73	0.15	2.58	0.51
242	2021	34	2.51	0.12	2.38	0.32
243	2021	33	2.44	0.18	2.26	0.27
244	2021	32	2.41	0.15	2.26	0.27
245	2021	31	2.45	0.15	2.30	0.32
246	2021	30	2.54	0.12	2.42	0.39
247	2021	29	2.67	0.17	2.49	0.47
248	2021	28	2.95	0.27	2.68	0.58
249	2021	27	3.57	0.27	3.30	1.19
250	2021	26	4.74	0.36	4.38	2.23
251	2021	25	5.02	0.61	4.42	2.31
252	2021	24	6.90	1.51	5.39	3.24
253	2021	23	8.79	2.50	6.29	4.14
254	2021	22	11.37	4.48	6.89	4.74
255	2021	21	14.42	6.61	7.81	5.66
256	2021	20	16.93	8.14	8.78	6.63
257	2021	19	18.94	9.14	9.80	7.65
258	2021	18	23.59	12.54	11.05	8.90
259	2021	17	25.79	14.14	11.65	9.50
260	2021	16	28.85	16.05	12.80	10.65
261	2021	15	31.50	18.55	12.95	10.80
262	2021	14	33.57	20.61	12.97	10.82
263	2021	13	35.51	21.21	14.30	12.15
264	2021	12	38.14	23.84	14.30	12.16
265	2021	11	40.78	25.09	15.68	13.53
266	2021	10	40.71	25.05	15.66	13.51
267	2021	9	43.46	26.69	16.77	14.62
268	2021	8	45.44	27.15	18.29	16.14
269	2021	7	48.67	28.54	20.14	17.99
270	2021	6	46.28	28.13	18.16	16.01
271	2021	5	46.56	28.37	18.19	16.04
272	2021	4	47.15	29.24	17.92	15.77
273	2021	3	47.11	29.99	17.12	14.97
274	2021	2	47.04	29.42	17.62	15.47
275	2021	1	45.26	27.88	17.38	15.23
276	2020	52	45.35	28.34	17.02	14.87
277	2020	51	43.01	26.43	16.58	14.43
278	2020	50	45.14	27.60	17.54	15.39
279	2020	49	40.62	26.14	14.48	12.33
280	2020	48	41.62	26.83	14.79	12.64
281	2020	47	41.24	26.45	14.80	12.65
282	2020	46	33.95	19.14	14.81	12.66
283	2020	45	29.99	16.13	13.86	11.71
284	2020	44	25.84	13.93	11.91	9.76
285	2020	43	29.23	14.22	15.01	12.86
286	2020	42	22.65	12.32	10.33	8.18
287	2020	41	16.11	8.40	7.71	5.56
288	2020	40	10.47	5.10	5.37	3.22
289	2020	39	4.98	0.45	4.53	2.38
290	2020	38	4.33	0.21	4.12	1.97
291	2020	37	4.12	0.19	3.94	1.79
292	2020	36	2.80	0.12	2.67	0.56
293	2020	35	2.70	0.15	2.55	0.45
294	2020	34	2.14	0.04	2.10	0.16
295	2020	33	2.21	0.07	2.14	0.20
296	2020	32	2.18	0.04	2.14	0.20
297	2020	31	2.10	0.04	2.06	0.12
298	2020	30	2.37	0.15	2.22	0.24
299	2020	29	2.37	0.15	2.22	0.20
300	2020	28	2.50	0.16	2.34	0.31
301	2020	27	2.58	0.16	2.42	0.39
302	2020	26	3.41	0.50	2.91	0.88
303	2020	25	4.74	0.37	4.37	2.26
304	2020	24	6.75	0.91	5.85	3.70
305	2020	23	8.72	2.48	6.24	4.09
306	2020	22	11.19	3.83	7.37	5.22
307	2020	21	13.53	5.46	8.07	5.92
308	2020	20	17.24	8.08	9.16	7.01
309	2020	19	20.16	10.11	10.05	7.90
310	2020	18	23.22	11.60	11.62	9.47
311	2020	17	26.45	13.64	12.81	10.66
312	2020	16	28.73	14.95	13.78	11.63
313	2020	15	31.74	16.26	15.48	13.33
314	2020	14	32.70	17.89	14.81	12.66
315	2020	13	34.59	19.79	14.79	12.64
316	2020	12	37.68	21.94	15.74	13.59
317	2020	11	38.84	22.55	16.29	14.14
318	2020	10	39.46	23.86	15.60	13.45
319	2020	9	41.18	25.01	16.18	14.03
320	2020	8	41.52	25.12	16.39	14.24
321	2020	7	44.01	27.02	16.99	14.84
322	2020	6	45.75	28.85	16.90	14.75
323	2020	5	45.39	28.10	17.29	15.14
324	2020	4	46.10	28.75	17.35	15.20
325	2020	3	47.61	29.53	18.07	15.92
326	2020	2	47.27	29.67	17.60	15.45
327	2020	1	44.85	27.79	17.05	14.91
328	2019	52	44.76	27.39	17.36	15.21
329	2019	51	42.60	26.22	16.39	14.24
330	2019	50	44.57	26.74	17.83	15.68
331	2019	49	41.61	24.70	16.91	14.76
332	2019	48	43.94	26.13	17.81	15.66
333	2019	47	37.49	23.19	14.30	12.15
334	2019	46	36.03	21.99	14.04	11.89
335	2019	45	35.64	19.77	15.86	13.71
336	2019	44	31.89	18.41	13.48	11.33
337	2019	43	28.69	16.50	12.19	10.04
338	2019	42	23.49	14.29	9.20	7.05
339	2019	41	18.05	9.66	8.39	6.24
340	2019	40	14.63	8.16	6.47	4.32
341	2019	39	8.91	3.52	5.39	3.24
342	2019	38	5.08	1.58	3.50	1.35
343	2019	37	4.66	1.48	3.19	1.04
344	2019	36	2.71	0.16	2.55	0.48
345	2019	35	2.59	0.12	2.47	0.44
346	2019	34	2.49	0.15	2.35	0.32
347	2019	33	2.71	0.24	2.48	0.53
348	2019	32	2.35	0.12	2.22	0.24
349	2019	31	2.37	0.15	2.22	0.24
350	2019	30	2.50	0.24	2.27	0.24
351	2019	29	2.53	0.26	2.27	0.24
352	2019	28	2.58	0.31	2.27	0.24
353	2019	27	2.82	0.47	2.35	0.28
354	2019	26	3.29	0.47	2.82	0.75
355	2019	25	4.33	0.81	3.53	1.42
356	2019	24	5.67	1.53	4.14	1.99
357	2019	23	8.18	2.79	5.40	3.25
358	2019	22	10.38	4.55	5.82	3.68
359	2019	21	13.38	6.19	7.20	5.05
360	2019	20	16.83	8.37	8.46	6.31
361	2019	19	19.44	10.12	9.32	7.17
362	2019	18	23.30	12.09	11.21	9.06
363	2019	17	25.62	13.86	11.76	9.61
364	2019	16	27.39	15.56	11.83	9.68
365	2019	15	29.86	16.38	13.49	11.34
366	2019	14	33.39	19.45	13.94	11.79
367	2019	13	34.67	20.16	14.52	12.37
368	2019	12	37.71	21.96	15.75	13.60
369	2019	11	39.96	23.06	16.90	14.76
370	2019	10	42.04	24.50	17.54	15.39
371	2019	9	44.43	25.55	18.89	16.74
372	2019	8	45.45	27.03	18.42	16.27
373	2019	7	46.73	28.02	18.71	16.56
374	2019	6	46.71	28.38	18.33	16.18
375	2019	5	45.81	28.63	17.18	15.03
376	2019	4	46.16	28.68	17.48	15.33
377	2019	3	48.10	29.71	18.39	16.25
378	2019	2	47.50	29.69	17.81	15.66
379	2019	1	47.78	30.63	17.15	15.00
380	2018	52	47.52	29.70	17.81	15.66
381	2018	51	43.44	27.63	15.81	13.66
382	2018	50	44.38	28.02	16.36	14.21
383	2018	49	43.45	25.76	17.69	15.54
384	2018	48	43.04	25.77	17.28	15.13
385	2018	47	41.62	24.98	16.65	14.50
386	2018	46	38.19	22.41	15.77	13.62
387	2018	45	35.64	19.62	16.02	13.87
388	2018	44	30.64	17.91	12.73	10.58
389	2018	43	27.19	16.91	10.28	8.13
390	2018	42	19.50	10.03	9.47	7.32
391	2018	41	18.61	8.27	10.34	8.19
392	2018	40	13.51	5.32	8.19	6.04
393	2018	39	8.81	2.53	6.28	4.13
394	2018	38	7.31	1.26	6.05	3.90
395	2018	37	6.42	1.27	5.15	3.00
396	2018	36	4.56	0.83	3.73	1.62
397	2018	35	3.37	0.12	3.25	1.14
398	2018	34	2.66	0.20	2.46	0.40
399	2018	33	2.75	0.12	2.62	0.56
400	2018	32	2.55	0.12	2.42	0.36
401	2018	31	2.59	0.12	2.46	0.36
402	2018	30	2.65	0.15	2.50	0.39
403	2018	29	2.78	0.16	2.62	0.51
404	2018	28	3.04	0.23	2.81	0.71
405	2018	27	3.30	0.23	3.07	0.96
406	2018	26	4.17	0.48	3.69	1.54
407	2018	25	5.43	0.78	4.64	2.49
408	2018	24	7.68	2.35	5.32	3.17
409	2018	23	10.22	4.06	6.16	4.01
410	2018	22	12.79	5.81	6.99	4.84
411	2018	21	14.83	7.19	7.64	5.49
412	2018	20	17.25	8.85	8.40	6.25
413	2018	19	19.67	10.04	9.63	7.48
414	2018	18	23.55	12.59	10.96	8.81
415	2018	17	27.69	14.96	12.73	10.58
416	2018	16	29.66	15.67	14.00	11.85
417	2018	15	33.59	17.62	15.97	13.82
418	2018	14	35.63	19.54	16.08	13.94
419	2018	13	37.82	21.51	16.31	14.16
420	2018	12	39.42	22.98	16.44	14.29
421	2018	11	43.23	26.23	17.01	14.86
422	2018	10	42.61	25.60	17.01	14.86
423	2018	9	46.12	29.02	17.10	14.95
424	2018	8	45.78	28.64	17.13	14.98
425	2018	7	46.85	29.19	17.66	15.51
426	2018	6	46.22	28.64	17.58	15.43
427	2018	5	46.40	28.71	17.69	15.54
428	2018	4	48.31	31.25	17.05	14.90
429	2018	3	47.47	29.71	17.76	15.61
430	2018	2	46.51	28.61	17.90	15.76
431	2018	1	46.11	28.49	17.61	15.47
432	2017	52	42.87	25.27	17.60	15.45
433	2017	51	44.94	26.87	18.08	15.93
434	2017	50	43.44	27.48	15.96	13.81
435	2017	49	44.05	27.81	16.24	14.09
436	2017	48	41.54	26.44	15.09	12.94
437	2017	47	38.58	24.48	14.10	11.95
438	2017	46	36.43	21.48	14.95	12.80
439	2017	45	34.19	19.36	14.83	12.68
440	2017	44	31.74	17.06	14.68	12.53
441	2017	43	27.79	17.01	10.78	8.63
442	2017	42	22.60	13.38	9.22	7.07
443	2017	41	19.75	10.08	9.67	7.52
444	2017	40	15.43	8.57	6.86	4.71
445	2017	39	12.59	6.52	6.07	3.92
446	2017	38	6.93	3.18	3.74	1.59
447	2017	37	4.22	0.76	3.46	1.31
448	2017	36	4.14	0.37	3.77	1.62
449	2017	35	3.50	0.28	3.22	1.07
450	2017	34	3.06	0.44	2.62	0.51
451	2017	33	2.77	0.19	2.58	0.47
452	2017	32	2.73	0.19	2.54	0.47
453	2017	31	2.84	0.23	2.62	0.55
454	2017	30	2.92	0.19	2.74	0.67
455	2017	29	3.17	0.32	2.85	0.74
456	2017	28	3.53	0.37	3.16	1.05
457	2017	27	3.79	0.51	3.27	1.13
458	2017	26	4.40	0.77	3.63	1.48
459	2017	25	6.48	1.82	4.66	2.51
460	2017	24	9.33	4.38	4.95	2.80
461	2017	23	11.19	5.72	5.48	3.33
462	2017	22	14.27	8.00	6.27	4.12
463	2017	21	17.61	9.45	8.17	6.02
464	2017	20	19.98	10.28	9.70	7.55
465	2017	19	21.73	11.18	10.55	8.40
466	2017	18	24.49	13.35	11.15	9.00
467	2017	17	27.28	14.32	12.96	10.81
468	2017	16	30.09	16.31	13.78	11.63
469	2017	15	31.71	18.23	13.48	11.33
470	2017	14	33.41	19.57	13.84	11.69
471	2017	13	35.03	20.99	14.04	11.89
472	2017	12	38.18	23.52	14.67	12.52
473	2017	11	40.07	25.01	15.05	12.90
474	2017	10	42.90	25.96	16.94	14.79
475	2017	9	42.29	25.97	16.32	14.17
476	2017	8	44.36	27.48	16.88	14.73
477	2017	7	46.21	30.37	15.84	13.69
478	2017	6	46.72	29.85	16.87	14.72
479	2017	5	47.39	30.00	17.38	15.24
480	2017	4	49.90	31.59	18.31	16.16
481	2017	3	48.83	31.36	17.47	15.32
482	2017	2	48.89	31.08	17.81	15.66
483	2017	1	49.88	31.08	18.80	16.65
484	2016	53	47.24	29.79	17.46	15.31
485	2016	52	46.08	28.19	17.88	15.73
486	2016	51	46.82	28.33	18.49	16.34
487	2016	50	43.82	26.52	17.30	15.15
488	2016	49	42.79	26.02	16.77	14.62
489	2016	48	41.80	25.67	16.13	13.98
490	2016	47	38.71	24.91	13.79	11.64
491	2016	46	33.16	22.85	10.31	8.16
492	2016	45	32.37	22.11	10.26	8.11
493	2016	44	31.48	20.47	11.01	8.86
494	2016	43	25.97	15.21	10.76	8.61
495	2016	42	23.43	13.18	10.25	8.10
496	2016	41	14.98	7.63	7.34	5.20
497	2016	40	13.18	7.23	5.95	3.81
498	2016	39	6.25	2.51	3.74	1.59
499	2016	38	4.54	0.23	4.31	2.16
500	2016	37	3.83	0.16	3.66	1.51
501	2016	36	3.48	0.37	3.11	0.96
502	2016	35	2.78	0.35	2.43	0.44
503	2016	34	2.67	0.12	2.55	0.60
504	2016	33	2.43	0.12	2.30	0.32
505	2016	32	2.43	0.12	2.30	0.32
506	2016	31	2.38	0.12	2.26	0.35
507	2016	30	2.34	0.12	2.22	0.27
508	2016	29	2.45	0.19	2.26	0.32
509	2016	28	2.72	0.26	2.46	0.43
510	2016	27	3.07	0.26	2.81	0.74
511	2016	26	3.75	0.44	3.31	1.25
512	2016	25	5.03	0.83	4.20	2.05
513	2016	24	6.52	1.65	4.87	2.72
514	2016	23	8.51	2.81	5.70	3.55
515	2016	22	12.40	6.12	6.28	4.13
516	2016	21	15.50	7.85	7.65	5.51
517	2016	20	17.35	9.38	7.97	5.82
518	2016	19	19.46	10.51	8.95	6.80
519	2016	18	22.58	12.50	10.08	7.93
520	2016	17	25.11	13.71	11.40	9.25
521	2016	16	27.27	14.62	12.65	10.50
522	2016	15	31.66	17.96	13.70	11.55
523	2016	14	34.08	19.46	14.62	12.47
524	2016	13	34.66	20.28	14.38	12.23
525	2016	12	37.58	23.10	14.48	12.33
526	2016	11	38.36	23.96	14.40	12.25
527	2016	10	39.34	24.27	15.07	12.93
528	2016	9	40.32	25.11	15.21	13.06
529	2016	8	42.96	27.09	15.87	13.72
530	2016	7	45.78	27.91	17.87	15.73
531	2016	6	44.46	26.88	17.59	15.44
532	2016	5	47.07	29.29	17.78	15.63
533	2016	4	50.53	31.86	18.67	16.52
534	2016	3	48.83	30.45	18.38	16.23
535	2016	2	48.49	29.91	18.58	16.43
536	2016	1	48.76	30.60	18.16	16.01
537	2015	52	44.93	26.16	18.77	16.62
538	2015	51	44.11	27.11	17.00	14.85
539	2015	50	44.06	27.40	16.66	14.51
540	2015	49	38.55	24.19	14.36	12.21
541	2015	48	41.59	25.25	16.34	14.19
542	2015	47	40.38	25.27	15.11	12.96
543	2015	46	34.55	21.50	13.05	10.90
544	2015	45	30.35	19.17	11.18	9.03
545	2015	44	29.67	19.08	10.59	8.44
546	2015	43	25.22	15.86	9.37	7.22
547	2015	42	21.04	12.25	8.79	6.64
548	2015	41	17.95	9.75	8.20	6.05
549	2015	40	13.10	6.48	6.62	4.47
550	2015	39	9.23	3.36	5.86	3.71
551	2015	38	5.10	1.14	3.95	1.80
552	2015	37	4.28	0.78	3.50	1.35
553	2015	36	2.76	0.18	2.58	0.47
554	2015	35	2.89	0.12	2.76	0.66
555	2015	34	2.54	0.24	2.30	0.31
556	2015	33	2.42	0.12	2.30	0.31
557	2015	32	2.51	0.12	2.39	0.32
558	2015	31	2.43	0.12	2.30	0.24
559	2015	30	2.45	0.19	2.26	0.24
560	2015	29	2.44	0.21	2.22	0.20
561	2015	28	2.60	0.26	2.34	0.35
562	2015	27	2.67	0.30	2.37	0.39
563	2015	26	3.32	0.54	2.78	0.63
564	2015	25	4.93	0.71	4.22	2.07
565	2015	24	5.50	1.10	4.40	2.25
566	2015	23	7.60	2.69	4.91	2.76
567	2015	22	11.05	5.04	6.02	3.87
568	2015	21	14.27	7.68	6.59	4.44
569	2015	20	17.94	9.28	8.66	6.51
570	2015	19	20.41	10.80	9.61	7.46
571	2015	18	23.09	13.08	10.02	7.87
572	2015	17	25.91	14.15	11.77	9.62
573	2015	16	28.95	16.42	12.53	10.38
574	2015	15	32.09	19.00	13.08	10.93
575	2015	14	37.49	23.03	14.46	12.31
576	2015	13	35.76	21.80	13.95	11.80
577	2015	12	37.82	23.05	14.77	12.62
578	2015	11	37.89	23.14	14.75	12.60
579	2015	10	40.89	24.93	15.96	13.81
580	2015	9	44.33	26.04	18.30	16.15
581	2015	8	45.53	27.48	18.05	15.90
582	2015	7	44.45	27.05	17.40	15.25
583	2015	6	44.88	28.79	16.10	13.95
584	2015	5	47.02	29.69	17.33	15.18
585	2015	4	47.30	30.64	16.66	14.51
586	2015	3	47.15	30.21	16.94	14.79
587	2015	2	47.07	29.20	17.87	15.72
588	2015	1	48.23	29.92	18.31	16.16
589	2014	52	45.45	28.39	17.06	14.91
590	2014	51	43.32	27.12	16.20	14.05
591	2014	50	43.37	26.77	16.60	14.46
592	2014	49	41.57	26.14	15.43	13.28
593	2014	48	40.88	25.06	15.83	13.68
594	2014	47	37.39	22.36	15.03	12.88
595	2014	46	38.12	20.62	17.50	15.35
596	2014	45	33.77	18.74	15.04	12.89
597	2014	44	29.00	17.75	11.25	9.10
598	2014	43	29.21	18.66	10.55	8.40
599	2014	42	24.15	16.24	7.91	5.77
600	2014	41	19.90	12.48	7.42	5.27
601	2014	40	13.32	5.86	7.46	5.31
602	2014	39	11.86	5.64	6.22	4.07
603	2014	38	7.84	2.49	5.35	3.20
604	2014	37	4.84	0.59	4.24	2.09
605	2014	36	4.16	0.41	3.74	1.59
606	2014	35	3.29	0.44	2.85	0.71
607	2014	34	2.57	0.19	2.38	0.40
608	2014	33	2.34	0.11	2.23	0.28
609	2014	32	2.35	0.12	2.23	0.20
610	2014	31	2.43	0.12	2.30	0.32
611	2014	30	2.51	0.12	2.38	0.48
612	2014	29	2.83	0.16	2.66	0.68
613	2014	28	2.85	0.19	2.66	0.68
614	2014	27	3.48	0.29	3.19	1.20
615	2014	26	4.00	0.37	3.62	1.47
616	2014	25	5.55	1.62	3.94	1.79
617	2014	24	7.07	2.48	4.58	2.43
618	2014	23	9.11	3.69	5.42	3.27
619	2014	22	11.82	5.76	6.07	3.92
620	2014	21	14.45	6.92	7.53	5.38
621	2014	20	16.50	8.12	8.38	6.23
622	2014	19	20.17	9.74	10.42	8.27
623	2014	18	22.06	10.78	11.28	9.13
624	2014	17	24.85	12.05	12.80	10.65
625	2014	16	27.98	14.62	13.35	11.20
626	2014	15	31.09	16.21	14.88	12.73
627	2014	14	32.21	17.35	14.86	12.71
628	2014	13	34.86	18.72	16.14	13.99
629	2014	12	36.56	20.91	15.65	13.50
630	2014	11	39.56	23.69	15.87	13.72
631	2014	10	40.44	24.29	16.14	14.00
632	2014	9	43.63	25.12	18.51	16.36
633	2014	8	43.21	26.08	17.12	14.98
634	2014	7	48.28	30.96	17.33	15.18
635	2014	6	49.81	31.19	18.62	16.47
636	2014	5	48.85	30.20	18.65	16.50
637	2014	4	45.95	28.98	16.98	14.83
638	2014	3	45.89	29.02	16.87	14.72
639	2014	2	44.87	28.13	16.74	14.59
640	2014	1	45.79	27.47	18.32	16.17
641	2013	52	44.18	27.18	17.00	14.85
642	2013	51	46.23	28.45	17.79	15.64
643	2013	50	46.76	28.68	18.08	15.93
644	2013	49	45.72	26.46	19.26	17.11
645	2013	48	38.47	22.52	15.96	13.81
646	2013	47	38.81	22.16	16.65	14.50
647	2013	46	34.01	19.93	14.08	11.93
648	2013	45	33.60	19.03	14.56	12.41
649	2013	44	26.32	14.80	11.51	9.36
650	2013	43	26.97	15.94	11.03	8.88
651	2013	42	21.14	13.53	7.61	5.46
652	2013	41	18.39	11.44	6.95	4.80
653	2013	40	15.26	9.68	5.59	3.44
654	2013	39	10.36	5.88	4.48	2.33
655	2013	38	8.19	3.42	4.77	2.62
656	2013	37	4.41	0.41	4.00	1.85
657	2013	36	3.91	0.41	3.51	1.36
658	2013	35	3.43	0.12	3.31	1.20
659	2013	34	3.65	0.30	3.35	1.24
660	2013	33	2.52	0.12	2.40	0.29
661	2013	32	2.40	0.12	2.27	0.25
662	2013	31	2.39	0.08	2.31	0.29
663	2013	30	2.55	0.12	2.43	0.36
664	2013	29	2.65	0.15	2.50	0.44
665	2013	28	3.28	0.15	3.13	1.02
666	2013	27	3.63	0.30	3.33	1.22
667	2013	26	4.05	0.58	3.48	1.37
668	2013	25	4.66	0.91	3.75	1.64
669	2013	24	5.45	1.13	4.32	2.17
670	2013	23	7.64	2.27	5.37	3.22
671	2013	22	10.66	3.90	6.75	4.60
672	2013	21	13.01	5.32	7.70	5.55
673	2013	20	15.39	6.63	8.76	6.61
674	2013	19	18.73	8.87	9.87	7.72
675	2013	18	22.03	10.64	11.39	9.24
676	2013	17	26.78	13.43	13.35	11.20
677	2013	16	31.82	16.42	15.40	13.25
678	2013	15	34.22	18.56	15.65	13.50
679	2013	14	38.10	22.84	15.26	13.12
680	2013	13	39.02	23.78	15.24	13.09
681	2013	12	42.46	24.55	17.91	15.76
682	2013	11	41.47	25.37	16.10	13.95
683	2013	10	42.38	25.78	16.61	14.46
684	2013	9	43.42	26.02	17.40	15.25
685	2013	8	46.10	28.04	18.06	15.91
686	2013	7	48.51	31.34	17.16	15.01
687	2013	6	47.40	29.69	17.72	15.57
688	2013	5	48.00	30.03	17.97	15.82
689	2013	4	47.97	30.43	17.53	15.38
690	2013	3	50.62	32.81	17.81	15.66
691	2013	2	48.88	31.12	17.76	15.61
692	2013	1	49.90	31.01	18.89	16.74
693	2012	52	50.82	31.50	19.32	17.17
694	2012	51	48.53	30.22	18.31	16.16
695	2012	50	45.98	29.39	16.59	14.44
696	2012	49	44.43	27.97	16.46	14.31
697	2012	48	41.24	27.03	14.21	12.06
698	2012	47	39.27	24.14	15.13	12.98
699	2012	46	35.53	22.47	13.05	10.90
700	2012	45	36.31	21.27	15.04	12.89
701	2012	44	30.83	18.52	12.31	10.16
702	2012	43	29.27	17.61	11.66	9.51
703	2012	42	21.07	11.57	9.50	7.35
704	2012	41	17.50	9.28	8.22	6.07
705	2012	40	11.53	6.16	5.37	3.22
706	2012	39	6.61	2.62	3.99	1.88
707	2012	38	4.43	1.32	3.11	1.00
708	2012	37	4.33	0.84	3.49	1.38
709	2012	36	3.03	0.16	2.86	0.75
710	2012	35	2.43	0.12	2.31	0.28
711	2012	34	2.15	0.12	2.03	0.12
712	2012	33	2.55	0.12	2.43	0.48
713	2012	32	2.39	0.08	2.31	0.37
714	2012	31	2.06	0.08	1.98	0.04
715	2012	30	2.19	0.12	2.06	0.12
716	2012	29	2.30	0.12	2.18	0.23
717	2012	28	2.34	0.12	2.22	0.23
718	2012	27	2.44	0.18	2.26	0.23
719	2012	26	2.58	0.24	2.34	0.31
720	2012	25	3.37	0.44	2.93	0.90
721	2012	24	4.18	0.53	3.65	1.54
722	2012	23	6.71	1.81	4.90	2.75
723	2012	22	8.75	2.83	5.92	3.77
724	2012	21	12.76	5.00	7.76	5.61
725	2012	20	15.51	6.80	8.71	6.56
726	2012	19	18.33	9.18	9.16	7.01
727	2012	18	21.08	11.21	9.87	7.72
728	2012	17	23.64	12.74	10.90	8.75
729	2012	16	26.13	14.49	11.63	9.48
730	2012	15	29.23	16.01	13.22	11.07
731	2012	14	32.31	19.21	13.10	10.95
732	2012	13	34.44	21.29	13.15	11.01
733	2012	12	36.88	23.23	13.65	11.50
734	2012	11	41.98	26.84	15.14	12.99
735	2012	10	43.78	28.90	14.88	12.73
736	2012	9	46.42	29.75	16.67	14.52
737	2012	8	46.88	30.13	16.76	14.61
738	2012	7	47.69	30.90	16.79	14.64
739	2012	6	50.52	33.18	17.34	15.19
740	2012	5	48.86	32.80	16.06	13.91
741	2012	4	48.60	31.94	16.66	14.51
742	2012	3	49.84	31.94	17.90	15.75
743	2012	2	47.81	30.50	17.31	15.16
744	2012	1	44.04	28.91	15.13	12.98
745	2011	52	45.38	28.95	16.43	14.28
746	2011	51	43.83	27.74	16.10	13.95
747	2011	50	42.24	26.66	15.57	13.42
748	2011	49	42.73	26.42	16.31	14.16
749	2011	48	42.71	26.07	16.64	14.49
750	2011	47	39.55	25.62	13.93	11.78
751	2011	46	39.43	23.94	15.49	13.34
752	2011	45	37.15	23.81	13.34	11.19
753	2011	44	29.85	17.52	12.33	10.18
754	2011	43	25.99	15.90	10.09	7.94
755	2011	42	19.21	10.48	8.73	6.58
756	2011	41	16.26	8.62	7.64	5.49
757	2011	40	11.06	5.25	5.81	3.66
758	2011	39	9.60	3.63	5.96	3.82
759	2011	38	6.82	2.43	4.39	2.24
760	2011	37	4.50	1.12	3.38	1.27
761	2011	36	3.75	0.83	2.91	0.80
762	2011	35	2.51	0.08	2.43	0.37
763	2011	34	2.27	0.04	2.23	0.16
764	2011	33	2.27	0.04	2.23	0.16
765	2011	32	2.15	0.12	2.03	0.12
766	2011	31	2.19	0.12	2.07	0.16
767	2011	30	2.27	0.12	2.15	0.24
768	2011	29	2.41	0.15	2.26	0.28
769	2011	28	2.49	0.20	2.30	0.31
770	2011	27	2.55	0.17	2.37	0.35
771	2011	26	2.67	0.17	2.50	0.43
772	2011	25	3.45	0.30	3.15	1.08
773	2011	24	5.45	0.73	4.72	2.57
774	2011	23	7.40	2.04	5.37	3.22
775	2011	22	9.88	3.61	6.27	4.12
776	2011	21	12.10	5.13	6.97	4.82
777	2011	20	16.46	7.68	8.78	6.63
778	2011	19	17.85	8.37	9.48	7.33
779	2011	18	20.03	9.38	10.64	8.49
780	2011	17	22.97	10.61	12.37	10.22
781	2011	16	24.91	12.06	12.86	10.71
782	2011	15	30.81	15.77	15.04	12.89
783	2011	14	34.71	19.85	14.86	12.71
784	2011	13	37.54	22.00	15.53	13.38
785	2011	12	40.95	24.32	16.62	14.47
786	2011	11	42.32	26.06	16.26	14.11
787	2011	10	43.49	26.89	16.60	14.45
788	2011	9	45.88	28.46	17.42	15.27
789	2011	8	49.72	31.74	17.99	15.84
790	2011	7	48.50	30.62	17.88	15.73
791	2011	6	46.80	29.17	17.63	15.48
792	2011	5	47.31	29.02	18.29	16.14
793	2011	4	48.73	30.80	17.93	15.78
794	2011	3	50.19	31.96	18.24	16.09
795	2011	2	47.92	29.55	18.37	16.22
796	2011	1	49.33	29.74	19.59	17.44
797	2010	53	49.67	31.47	18.20	16.05
798	2010	52	47.75	29.53	18.22	16.07
799	2010	51	46.28	28.40	17.88	15.73
800	2010	50	44.81	27.36	17.46	15.31
801	2010	49	45.03	27.63	17.41	15.26
802	2010	48	43.69	26.43	17.25	15.10
803	2010	47	39.60	23.25	16.35	14.20
804	2010	46	30.76	18.13	12.64	10.49
805	2010	45	23.44	13.91	9.53	7.38
806	2010	44	25.05	13.78	11.27	9.12
807	2010	43	24.01	14.52	9.49	7.34
808	2010	42	17.56	10.07	7.49	5.34
809	2010	41	14.99	8.79	6.21	4.06
810	2010	40	10.35	4.62	5.73	3.58
811	2010	39	7.88	2.61	5.26	3.11
812	2010	38	5.24	1.94	3.31	1.16
813	2010	37	3.27	0.51	2.76	0.65
814	2010	36	2.76	0.20	2.56	0.49
815	2010	35	2.36	0.12	2.24	0.16
816	2010	34	2.33	0.15	2.19	0.20
817	2010	33	2.31	0.12	2.19	0.20
818	2010	32	2.39	0.12	2.27	0.28
819	2010	31	2.31	0.12	2.19	0.16
820	2010	30	2.31	0.16	2.15	0.12
821	2010	29	2.39	0.16	2.23	0.20
822	2010	28	2.61	0.19	2.42	0.39
823	2010	27	3.01	0.24	2.77	0.70
824	2010	26	3.72	0.36	3.36	1.25
825	2010	25	4.89	0.65	4.24	2.09
826	2010	24	7.01	2.14	4.87	2.72
827	2010	23	9.33	3.55	5.78	3.63
828	2010	22	10.32	4.00	6.32	4.17
829	2010	21	13.36	6.08	7.28	5.13
830	2010	20	15.94	8.14	7.80	5.65
831	2010	19	19.65	10.32	9.33	7.18
832	2010	18	20.64	11.76	8.89	6.74
833	2010	17	25.77	15.60	10.17	8.02
834	2010	16	27.66	17.05	10.61	8.46
835	2010	15	32.63	20.54	12.09	9.94
836	2010	14	34.78	21.82	12.96	10.81
837	2010	13	36.81	23.10	13.71	11.56
838	2010	12	38.72	24.33	14.39	12.24
839	2010	11	43.28	27.97	15.31	13.16
840	2010	10	46.97	29.95	17.02	14.87
841	2010	9	45.01	26.98	18.03	15.88
842	2010	8	47.54	28.86	18.67	16.52
843	2010	7	52.96	34.10	18.85	16.71
844	2010	6	49.92	30.80	19.12	16.97
845	2010	5	49.77	30.50	19.27	17.12
846	2010	4	48.58	30.79	17.79	15.64
847	2010	3	46.90	29.49	17.42	15.27
848	2010	2	49.96	31.33	18.63	16.48
849	2010	1	49.27	30.40	18.86	16.72
850	2009	52	46.30	27.66	18.64	16.49
851	2009	51	49.24	30.87	18.36	16.22
852	2009	50	47.49	29.51	17.99	15.84
853	2009	49	41.60	23.74	17.85	15.70
854	2009	48	35.55	22.46	13.09	10.94
855	2009	47	35.91	23.80	12.11	9.96
856	2009	46	37.96	25.24	12.71	10.56
857	2009	45	31.18	20.33	10.84	8.69
858	2009	44	29.66	18.26	11.40	9.25
859	2009	43	24.87	15.99	8.88	6.73
860	2009	42	18.71	10.85	7.86	5.71
861	2009	41	22.18	9.66	12.53	10.38
862	2009	40	8.31	2.15	6.16	4.01
863	2009	39	6.29	1.21	5.08	2.93
864	2009	38	3.83	0.37	3.46	1.31
865	2009	37	3.25	0.26	2.99	0.88
866	2009	36	2.75	0.44	2.31	0.24
867	2009	35	2.39	0.20	2.19	0.16
868	2009	34	2.27	0.12	2.15	0.12
869	2009	33	2.31	0.12	2.19	0.16
870	2009	32	2.31	0.12	2.19	0.16
871	2009	31	2.35	0.12	2.23	0.16
872	2009	30	2.47	0.16	2.30	0.24
873	2009	29	2.55	0.16	2.38	0.32
874	2009	28	2.85	0.19	2.66	0.55
875	2009	27	3.07	0.27	2.81	0.66
876	2009	26	4.63	0.62	4.01	1.86
877	2009	25	5.84	1.25	4.59	2.44
878	2009	24	7.83	2.28	5.55	3.40
879	2009	23	9.88	3.50	6.37	4.22
880	2009	22	13.65	6.41	7.25	5.10
881	2009	21	16.51	7.84	8.67	6.52
882	2009	20	19.53	9.52	10.01	7.86
883	2009	19	19.84	9.71	10.13	7.98
884	2009	18	22.92	11.64	11.28	9.13
885	2009	17	27.21	14.15	13.06	10.91
886	2009	16	28.28	15.13	13.15	11.00
887	2009	15	31.76	17.35	14.41	12.26
888	2009	14	34.41	18.78	15.63	13.48
889	2009	13	37.88	22.03	15.84	13.69
890	2009	12	38.81	23.21	15.60	13.45
891	2009	11	39.38	23.93	15.45	13.30
892	2009	10	41.97	25.45	16.52	14.38
893	2009	9	45.24	28.23	17.01	14.86
894	2009	8	45.78	28.45	17.33	15.18
895	2009	7	45.38	27.81	17.57	15.42
896	2009	6	43.21	26.13	17.08	14.93
897	2009	5	45.61	28.00	17.61	15.46
898	2009	4	46.55	28.10	18.46	16.31
899	2009	3	46.63	28.93	17.70	15.55
900	2009	2	49.06	31.14	17.92	15.77
901	2009	1	50.37	32.71	17.66	15.51
902	2008	52	47.41	29.82	17.59	15.44
903	2008	51	45.96	27.52	18.45	16.30
904	2008	50	44.32	25.62	18.70	16.55
905	2008	49	37.63	21.38	16.25	14.10
906	2008	48	35.82	20.79	15.03	12.88
907	2008	47	36.74	22.26	14.48	12.33
908	2008	46	31.20	18.00	13.20	11.05
909	2008	45	30.46	18.20	12.26	10.11
910	2008	44	24.18	14.19	9.99	7.84
911	2008	43	21.25	12.31	8.93	6.78
912	2008	42	18.74	10.37	8.37	6.22
913	2008	41	13.47	6.24	7.23	5.08
914	2008	40	7.38	1.70	5.68	3.53
915	2008	39	6.93	1.97	4.96	2.81
916	2008	38	6.50	1.86	4.65	2.50
917	2008	37	4.74	0.61	4.12	1.97
918	2008	36	3.18	0.40	2.79	0.68
919	2008	35	2.91	0.12	2.79	0.68
920	2008	34	2.88	0.12	2.75	0.64
921	2008	33	2.43	0.12	2.31	0.24
922	2008	32	2.32	0.12	2.19	0.16
923	2008	31	2.23	0.12	2.11	0.16
924	2008	30	2.27	0.12	2.15	0.16
925	2008	29	2.35	0.16	2.19	0.16
926	2008	28	2.54	0.20	2.34	0.27
927	2008	27	2.88	0.36	2.52	0.45
928	2008	26	3.89	0.64	3.24	1.13
929	2008	25	5.41	1.10	4.31	2.21
930	2008	24	7.42	2.21	5.21	3.06
931	2008	23	8.82	3.04	5.78	3.63
932	2008	22	10.87	4.75	6.12	3.97
933	2008	21	13.46	6.36	7.10	4.95
934	2008	20	17.74	9.01	8.73	6.58
935	2008	19	21.30	10.74	10.56	8.41
936	2008	18	23.87	11.92	11.95	9.80
937	2008	17	27.24	13.63	13.61	11.46
938	2008	16	29.38	15.15	14.23	12.09
939	2008	15	29.97	15.34	14.62	12.47
940	2008	14	32.20	16.92	15.28	13.13
941	2008	13	35.94	19.46	16.48	14.33
942	2008	12	37.35	21.44	15.91	13.76
943	2008	11	37.78	21.10	16.68	14.53
944	2008	10	38.85	22.16	16.69	14.54
945	2008	9	41.28	24.10	17.17	15.02
946	2008	8	45.39	27.41	17.98	15.83
947	2008	7	49.46	31.73	17.73	15.58
948	2008	6	48.74	30.56	18.18	16.03
949	2008	5	51.24	33.00	18.23	16.08
950	2008	4	52.41	34.14	18.28	16.13
951	2008	3	50.83	32.44	18.39	16.24
952	2008	2	49.43	31.89	17.54	15.39
953	2008	1	48.03	30.30	17.74	15.59
954	2007	52	46.18	28.22	17.96	15.81
955	2007	51	45.43	27.52	17.92	15.77
956	2007	50	45.30	26.92	18.38	16.23
957	2007	49	43.19	24.98	18.21	16.06
958	2007	48	40.50	23.89	16.61	14.46
959	2007	47	37.09	22.29	14.79	12.64
960	2007	46	33.08	20.55	12.53	10.38
961	2007	45	32.42	20.13	12.29	10.14
962	2007	44	23.45	13.03	10.42	8.27
963	2007	43	21.54	11.66	9.89	7.74
964	2007	42	16.92	9.42	7.51	5.36
965	2007	41	13.84	6.86	6.98	4.83
966	2007	40	11.69	4.96	6.73	4.58
967	2007	39	7.23	1.93	5.29	3.14
968	2007	38	4.98	0.84	4.13	1.99
969	2007	37	3.58	0.32	3.27	1.12
970	2007	36	2.59	0.16	2.43	0.32
971	2007	35	2.51	0.12	2.39	0.32
972	2007	34	2.31	0.12	2.18	0.28
973	2007	33	2.31	0.12	2.18	0.28
974	2007	32	2.31	0.12	2.18	0.28
975	2007	31	2.37	0.15	2.22	0.28
976	2007	30	2.43	0.16	2.27	0.36
977	2007	29	2.81	0.27	2.55	0.52
978	2007	28	3.13	0.35	2.78	0.71
979	2007	27	3.23	0.37	2.86	0.79
980	2007	26	4.82	0.76	4.06	1.91
981	2007	25	6.74	1.23	5.51	3.36
982	2007	24	8.06	2.11	5.95	3.84
983	2007	23	10.34	3.99	6.35	4.20
984	2007	22	12.87	6.08	6.78	4.63
985	2007	21	14.72	6.98	7.74	5.59
986	2007	20	17.08	8.54	8.54	6.39
987	2007	19	18.81	9.84	8.97	6.82
988	2007	18	20.48	10.71	9.77	7.62
989	2007	17	22.23	11.74	10.49	8.34
990	2007	16	24.99	13.27	11.72	9.57
991	2007	15	30.82	16.75	14.07	11.92
992	2007	14	33.44	18.36	15.08	12.93
993	2007	13	34.68	20.33	14.35	12.20
994	2007	12	35.67	21.40	14.27	12.12
995	2007	11	39.40	24.08	15.32	13.17
996	2007	10	41.52	25.71	15.81	13.66
997	2007	9	46.50	28.96	17.54	15.39
998	2007	8	44.83	27.64	17.20	15.05
999	2007	7	44.79	27.14	17.65	15.51
1000	2007	6	45.50	27.94	17.56	15.41
1001	2007	5	45.88	27.75	18.13	15.98
1002	2007	4	47.33	29.62	17.71	15.56
1003	2007	3	44.85	26.03	18.83	16.68
1004	2007	2	45.38	26.88	18.50	16.35
1005	2007	1	43.57	26.97	16.60	14.45
1006	2006	52	46.69	29.05	17.63	15.49
1007	2006	51	42.08	26.10	15.97	13.82
1008	2006	50	40.22	25.06	15.15	13.00
1009	2006	49	41.25	24.80	16.45	14.30
1010	2006	48	41.45	24.72	16.74	14.59
1011	2006	47	38.86	25.37	13.49	11.34
1012	2006	46	33.78	20.77	13.01	10.86
1013	2006	45	30.50	17.57	12.92	10.77
1014	2006	44	30.09	17.57	12.52	10.37
1015	2006	43	27.03	14.69	12.35	10.20
1016	2006	42	23.59	14.81	8.78	6.63
1017	2006	41	19.74	11.57	8.17	6.02
1018	2006	40	13.59	7.82	5.78	3.63
1019	2006	39	6.13	2.57	3.56	1.41
1020	2006	38	4.16	1.18	2.99	0.84
1021	2006	37	5.26	1.88	3.38	1.23
1022	2006	36	3.75	1.00	2.75	0.64
1023	2006	35	2.60	0.17	2.43	0.40
1024	2006	34	2.87	0.36	2.51	0.40
1025	2006	33	2.39	0.12	2.27	0.32
1026	2006	32	2.49	0.15	2.34	0.36
1027	2006	31	2.58	0.15	2.43	0.32
1028	2006	30	2.70	0.19	2.51	0.36
1029	2006	29	2.93	0.19	2.74	0.59
1030	2006	28	3.56	0.37	3.20	1.05
1031	2006	27	4.15	0.49	3.67	1.52
1032	2006	26	4.86	0.97	3.89	1.74
1033	2006	25	6.24	1.59	4.65	2.50
1034	2006	24	8.12	2.63	5.49	3.34
1035	2006	23	10.28	4.37	5.91	3.76
1036	2006	22	12.03	5.43	6.60	4.45
1037	2006	21	14.77	7.62	7.15	5.00
1038	2006	20	16.97	8.87	8.10	5.95
1039	2006	19	20.39	11.54	8.85	6.70
1040	2006	18	22.92	13.16	9.76	7.61
1041	2006	17	25.42	14.78	10.64	8.49
1042	2006	16	28.08	16.64	11.44	9.30
1043	2006	15	30.14	17.76	12.38	10.23
1044	2006	14	34.07	20.72	13.35	11.21
1045	2006	13	35.20	20.94	14.26	12.11
1046	2006	12	38.45	22.83	15.62	13.47
1047	2006	11	41.45	24.50	16.95	14.80
1048	2006	10	43.90	27.16	16.73	14.58
1049	2006	9	43.77	27.53	16.24	14.09
1050	2006	8	44.19	27.91	16.28	14.13
1051	2006	7	45.85	28.39	17.46	15.31
1052	2006	6	46.92	29.71	17.21	15.06
1053	2006	5	47.82	31.34	16.48	14.33
1054	2006	4	48.65	32.58	16.07	13.92
1055	2006	3	49.93	33.11	16.83	14.68
1056	2006	2	47.26	30.71	16.55	14.40
1057	2006	1	46.86	30.29	16.56	14.41
1058	2005	52	45.62	28.82	16.80	14.65
1059	2005	51	44.98	28.41	16.58	14.43
1060	2005	50	44.87	27.20	17.67	15.53
1061	2005	49	43.19	26.11	17.08	14.93
1062	2005	48	44.15	26.88	17.26	15.11
1063	2005	47	36.78	22.12	14.66	12.51
1064	2005	46	34.08	20.83	13.25	11.10
1065	2005	45	28.29	16.09	12.19	10.05
1066	2005	44	25.51	14.86	10.65	8.50
1067	2005	43	22.16	14.10	8.06	5.91
1068	2005	42	18.80	11.48	7.32	5.17
1069	2005	41	16.23	8.94	7.29	5.14
1070	2005	40	12.94	5.73	7.21	5.06
1071	2005	39	9.38	3.29	6.09	3.95
1072	2005	38	5.85	0.92	4.92	2.81
1073	2005	37	4.61	0.72	3.89	1.78
1074	2005	36	3.50	0.31	3.20	1.09
1075	2005	35	2.65	0.15	2.50	0.52
1076	2005	34	2.69	0.35	2.34	0.40
1077	2005	33	2.57	0.23	2.34	0.40
1078	2005	32	2.49	0.19	2.30	0.36
1079	2005	31	2.66	0.24	2.42	0.43
1080	2005	30	2.66	0.24	2.42	0.43
1081	2005	29	2.86	0.24	2.62	0.55
1082	2005	28	3.27	0.57	2.69	0.63
1083	2005	27	3.30	0.57	2.73	0.66
1084	2005	26	6.99	2.05	4.94	2.79
1085	2005	25	6.99	2.05	4.94	2.79
1086	2005	24	9.25	3.34	5.91	3.76
1087	2005	23	9.87	3.72	6.14	4.00
1088	2005	22	11.34	4.93	6.41	4.26
1089	2005	21	12.75	5.94	6.81	4.66
1090	2005	20	15.90	7.74	8.17	6.02
1091	2005	19	19.43	10.38	9.05	6.90
1092	2005	18	20.69	11.20	9.49	7.34
1093	2005	17	23.93	12.73	11.20	9.05
1094	2005	16	24.44	13.74	10.70	8.55
1095	2005	15	30.33	18.30	12.03	9.88
1096	2005	14	34.34	20.82	13.52	11.37
1097	2005	13	35.51	21.27	14.24	12.09
1098	2005	12	38.40	23.08	15.32	13.17
1099	2005	11	40.56	24.73	15.83	13.68
1100	2005	10	43.12	27.07	16.04	13.89
1101	2005	9	44.60	29.00	15.60	13.45
1102	2005	8	46.74	30.40	16.34	14.19
1103	2005	7	48.01	31.45	16.56	14.41
1104	2005	6	47.52	31.45	16.07	13.92
1105	2005	5	48.28	31.46	16.82	14.67
1106	2005	4	48.12	30.41	17.71	15.56
1107	2005	3	47.83	30.19	17.64	15.49
1108	2005	2	45.05	26.64	18.42	16.27
1109	2005	1	45.65	27.46	18.18	16.03
1110	2004	53	45.51	29.57	15.94	13.79
1111	2004	52	47.48	30.48	17.00	14.85
1112	2004	51	44.49	28.75	15.74	13.59
1113	2004	50	41.64	25.83	15.80	13.65
1114	2004	49	43.04	26.66	16.38	14.23
1115	2004	48	41.54	25.45	16.10	13.95
1116	2004	47	35.20	22.34	12.86	10.71
1117	2004	46	30.25	17.91	12.33	10.19
1118	2004	45	29.63	17.39	12.24	10.09
1119	2004	44	23.71	13.74	9.97	7.82
1120	2004	43	24.14	14.43	9.71	7.56
1121	2004	42	21.46	11.81	9.64	7.50
1122	2004	41	14.14	7.25	6.89	4.74
1123	2004	40	12.23	5.49	6.74	4.59
1124	2004	39	6.57	1.91	4.66	2.51
1125	2004	38	3.79	0.41	3.38	1.23
1126	2004	37	3.39	0.32	3.08	0.93
1127	2004	36	3.81	0.51	3.30	1.15
1128	2004	35	2.82	0.26	2.55	0.40
1129	2004	34	2.15	0.13	2.02	0.16
1130	2004	33	2.31	0.13	2.19	0.24
1131	2004	32	2.65	0.22	2.42	0.44
1132	2004	31	2.76	0.22	2.54	0.52
1133	2004	30	3.18	0.40	2.77	0.79
1134	2004	29	3.26	0.49	2.77	0.79
1135	2004	28	4.25	0.77	3.48	1.41
1136	2004	27	5.14	0.85	4.29	2.18
1137	2004	26	6.39	1.76	4.64	2.49
1138	2004	25	9.77	3.61	6.17	4.02
1139	2004	24	10.67	4.14	6.53	4.38
1140	2004	23	13.55	6.40	7.15	5.00
1141	2004	22	16.69	8.03	8.66	6.51
1142	2004	21	18.20	8.81	9.39	7.24
1143	2004	20	20.66	10.68	9.97	7.82
1144	2004	19	23.26	12.49	10.77	8.62
1145	2004	18	25.54	14.36	11.18	9.04
1146	2004	17	27.40	15.54	11.86	9.71
1147	2004	16	30.01	17.61	12.40	10.25
1148	2004	15	30.48	17.25	13.23	11.08
1149	2004	14	33.21	19.50	13.70	11.55
1150	2004	13	35.53	20.97	14.56	12.41
1151	2004	12	37.66	22.35	15.31	13.16
1152	2004	11	40.06	24.15	15.91	13.76
1153	2004	10	42.40	25.93	16.47	14.32
1154	2004	9	43.60	26.35	17.25	15.10
1155	2004	8	44.46	27.36	17.10	14.95
1156	2004	7	46.70	28.40	18.30	16.15
1157	2004	6	45.97	27.02	18.95	16.80
1158	2004	5	48.80	29.98	18.82	16.67
1159	2004	4	50.28	31.31	18.97	16.82
1160	2004	3	48.39	31.01	17.38	15.23
1161	2004	2	46.29	28.83	17.46	15.31
1162	2004	1	46.32	28.18	18.14	15.99
1163	2003	52	45.74	28.70	17.05	14.90
1164	2003	51	43.29	26.47	16.82	14.67
1165	2003	50	44.39	25.90	18.50	16.35
1166	2003	49	39.30	23.58	15.72	13.57
1167	2003	48	39.30	23.58	15.72	13.57
1168	2003	47	38.83	23.13	15.69	13.54
1169	2003	46	34.55	20.46	14.09	11.94
1170	2003	45	32.28	18.29	13.99	11.84
1171	2003	44	31.06	17.23	13.82	11.67
1172	2003	43	24.75	15.43	9.32	7.17
1173	2003	42	16.45	9.43	7.02	4.87
1174	2003	41	13.27	7.26	6.01	3.87
1175	2003	40	9.93	5.01	4.92	2.77
1176	2003	39	7.54	1.95	5.59	3.44
1177	2003	38	5.66	0.78	4.88	2.73
1178	2003	37	3.98	0.41	3.57	1.42
1179	2003	36	2.94	0.23	2.71	0.64
1180	2003	35	2.93	0.19	2.74	0.63
1181	2003	34	2.89	0.19	2.70	0.59
1182	2003	33	2.68	0.11	2.57	0.54
1183	2003	32	2.68	0.11	2.57	0.50
1184	2003	31	2.58	0.14	2.45	0.50
1185	2003	30	2.76	0.31	2.45	0.50
1186	2003	29	2.84	0.43	2.41	0.50
1187	2003	28	3.51	0.67	2.84	0.82
1188	2003	27	4.75	1.03	3.72	1.69
1189	2003	26	7.01	2.08	4.92	2.90
1190	2003	25	9.16	3.60	5.56	3.41
1191	2003	24	10.93	4.73	6.20	4.05
1192	2003	23	12.44	5.81	6.63	4.48
1193	2003	22	15.23	7.58	7.65	5.50
1194	2003	21	18.24	9.62	8.62	6.47
1195	2003	20	19.74	10.22	9.52	7.37
1196	2003	19	22.55	12.66	9.89	7.74
1197	2003	18	24.79	13.57	11.21	9.06
1198	2003	17	27.15	14.97	12.17	10.02
1199	2003	16	29.25	16.56	12.69	10.54
1200	2003	15	32.97	19.47	13.50	11.35
1201	2003	14	38.32	22.26	16.06	13.91
1202	2003	13	37.32	22.37	14.95	12.80
1203	2003	12	40.01	25.13	14.88	12.73
1204	2003	11	42.09	26.94	15.15	13.00
1205	2003	10	45.11	28.27	16.84	14.69
1206	2003	9	46.88	29.75	17.13	14.99
1207	2003	8	49.47	31.40	18.07	15.92
1208	2003	7	48.08	30.45	17.63	15.49
1209	2003	6	48.95	30.70	18.26	16.11
1210	2003	5	48.66	31.19	17.47	15.32
1211	2003	4	48.49	31.07	17.42	15.27
1212	2003	3	47.13	29.67	17.46	15.31
1213	2003	2	46.96	30.95	16.01	13.86
1214	2003	1	49.24	32.70	16.55	14.40
1215	2002	52	49.72	32.65	17.06	14.91
1216	2002	51	49.24	32.48	16.76	14.61
1217	2002	50	43.51	28.58	14.93	12.78
1218	2002	49	42.44	26.27	16.17	14.02
1219	2002	48	39.17	24.04	15.13	12.98
1220	2002	47	36.76	22.46	14.30	12.15
1221	2002	46	35.62	21.41	14.21	12.06
1222	2002	45	35.37	21.50	13.87	11.72
1223	2002	44	29.37	16.30	13.07	10.92
1224	2002	43	27.06	16.16	10.90	8.75
1225	2002	42	24.58	14.34	10.24	8.09
1226	2002	41	21.91	12.69	9.23	7.08
1227	2002	40	16.77	9.49	7.28	5.17
1228	2002	39	10.84	5.39	5.46	3.35
1229	2002	38	6.94	3.28	3.67	1.56
1230	2002	37	3.84	0.93	2.91	0.80
1231	2002	36	2.96	0.29	2.67	0.64
1232	2002	35	2.76	0.20	2.57	0.58
1233	2002	34	2.84	0.24	2.60	0.62
1234	2002	33	2.84	0.28	2.56	0.58
1235	2002	32	2.87	0.31	2.56	0.58
1236	2002	31	2.98	0.39	2.59	0.61
1237	2002	30	3.02	0.39	2.63	0.64
1238	2002	29	3.10	0.47	2.63	0.64
1239	2002	28	3.63	0.46	3.17	1.19
1240	2002	27	3.74	0.48	3.26	1.27
1241	2002	26	5.42	0.77	4.65	2.50
1242	2002	25	7.18	1.81	5.37	3.22
1243	2002	24	10.12	3.44	6.68	4.53
1244	2002	23	11.67	4.43	7.23	5.08
1245	2002	22	13.79	6.14	7.65	5.50
1246	2002	21	15.87	7.43	8.44	6.29
1247	2002	20	18.96	9.40	9.56	7.41
1248	2002	19	22.28	10.75	11.52	9.37
1249	2002	18	24.87	12.74	12.13	9.98
1250	2002	17	27.74	15.12	12.62	10.47
1251	2002	16	29.38	16.00	13.38	11.23
1252	2002	15	31.63	18.06	13.57	11.42
1253	2002	14	33.72	18.83	14.88	12.73
1254	2002	13	33.90	18.58	15.32	13.17
1255	2002	12	37.55	20.74	16.81	14.66
1256	2002	11	37.26	20.93	16.33	14.18
1257	2002	10	38.10	21.60	16.49	14.35
1258	2002	9	43.10	25.56	17.54	15.39
1259	2002	8	42.34	25.62	16.72	14.57
1260	2002	7	41.32	25.14	16.17	14.02
1261	2002	6	43.43	26.02	17.41	15.26
1262	2002	5	45.81	27.89	17.92	15.77
1263	2002	4	45.76	29.16	16.61	14.46
1264	2002	3	49.28	31.53	17.74	15.59
1265	2002	2	46.72	30.37	16.35	14.20
1266	2002	1	46.41	28.70	17.72	15.57
1267	2001	52	49.54	31.20	18.35	16.20
1268	2001	51	47.13	30.21	16.93	14.78
1269	2001	50	43.82	28.06	15.76	13.61
1270	2001	49	42.66	27.20	15.47	13.32
1271	2001	48	39.93	23.79	16.14	13.99
1272	2001	47	37.73	22.52	15.21	13.06
1273	2001	46	29.44	18.36	11.08	8.94
1274	2001	45	27.26	15.46	11.80	9.66
1275	2001	44	26.97	16.99	9.98	7.83
1276	2001	43	26.15	15.57	10.58	8.43
1277	2001	42	20.62	12.32	8.30	6.15
1278	2001	41	16.03	9.09	6.94	4.79
1279	2001	40	12.44	6.27	6.16	4.01
1280	2001	39	9.66	5.13	4.53	2.38
1281	2001	38	6.73	2.92	3.80	1.66
1282	2001	37	4.65	1.63	3.02	0.92
1283	2001	36	4.44	1.50	2.94	0.87
1284	2001	35	2.87	0.24	2.63	0.61
1285	2001	34	2.90	0.23	2.67	0.68
1286	2001	33	2.51	0.12	2.39	0.40
1287	2001	32	2.51	0.12	2.39	0.40
1288	2001	31	2.55	0.12	2.42	0.44
1289	2001	30	2.65	0.15	2.50	0.44
1290	2001	29	3.05	0.24	2.81	0.74
1291	2001	28	3.62	0.19	3.43	1.48
1292	2001	27	4.31	0.25	4.06	1.95
1293	2001	26	5.48	0.69	4.79	2.69
1294	2001	25	6.63	1.69	4.94	2.84
1295	2001	24	9.32	3.20	6.12	3.97
1296	2001	23	10.25	3.67	6.58	4.43
1297	2001	22	12.98	5.14	7.84	5.69
1298	2001	21	14.99	6.80	8.20	6.05
1299	2001	20	17.42	8.03	9.39	7.24
1300	2001	19	19.55	9.92	9.63	7.48
1301	2001	18	21.18	10.89	10.29	8.14
1302	2001	17	24.47	13.44	11.03	8.88
1303	2001	16	27.50	14.90	12.60	10.45
1304	2001	15	30.53	16.96	13.58	11.43
1305	2001	14	34.17	19.53	14.64	12.49
1306	2001	13	35.88	20.92	14.96	12.81
1307	2001	12	39.75	24.15	15.60	13.45
1308	2001	11	39.69	23.82	15.87	13.72
1309	2001	10	42.77	25.73	17.05	14.90
1310	2001	9	44.22	27.11	17.11	14.96
1311	2001	8	46.24	28.89	17.35	15.20
1312	2001	7	43.62	25.89	17.72	15.57
1313	2001	6	45.46	27.57	17.89	15.74
1314	2001	5	47.62	29.64	17.98	15.83
1315	2001	4	48.64	29.94	18.70	16.55
1316	2001	3	46.79	28.41	18.39	16.24
1317	2001	2	46.61	28.51	18.10	15.95
1318	2001	1	45.69	28.64	17.06	14.91
1319	2000	52	49.03	29.89	19.14	16.99
1320	2000	51	45.64	27.38	18.26	16.11
1321	2000	50	42.59	24.60	18.00	15.85
1322	2000	49	42.16	24.62	17.54	15.39
1323	2000	48	42.24	26.17	16.07	13.93
1324	2000	47	39.78	24.35	15.43	13.28
1325	2000	46	35.46	20.51	14.95	12.80
1326	2000	45	33.08	18.57	14.51	12.36
1327	2000	44	28.10	17.11	10.99	8.84
1328	2000	43	23.38	14.00	9.38	7.23
1329	2000	42	21.75	13.15	8.60	6.45
1330	2000	41	15.41	8.12	7.28	5.14
1331	2000	40	13.79	6.36	7.42	5.27
1332	2000	39	12.76	4.62	8.14	5.99
1333	2000	38	7.09	2.48	4.61	2.46
1334	2000	37	5.87	1.88	3.99	1.84
1335	2000	36	3.56	0.65	2.91	0.80
1336	2000	35	3.40	0.53	2.87	0.76
1337	2000	34	2.89	0.30	2.60	0.49
1338	2000	33	2.77	0.34	2.43	0.32
1339	2000	32	2.77	0.34	2.43	0.32
1340	2000	31	2.77	0.34	2.43	0.32
1341	2000	30	2.99	0.46	2.54	0.43
1342	2000	29	3.21	0.63	2.58	0.47
1343	2000	28	3.25	0.63	2.62	0.47
1344	2000	27	3.96	0.78	3.18	1.03
1345	2000	26	5.40	1.25	4.16	2.01
1346	2000	25	6.33	1.54	4.80	2.65
1347	2000	24	9.98	3.43	6.55	4.40
1348	2000	23	11.96	4.86	7.10	4.95
1349	2000	22	14.41	6.35	8.06	5.91
1350	2000	21	16.42	7.57	8.85	6.70
1351	2000	20	18.72	9.02	9.69	7.55
1352	2000	19	20.56	10.20	10.36	8.21
1353	2000	18	22.37	12.03	10.34	8.19
1354	2000	17	24.12	13.19	10.94	8.79
1355	2000	16	26.84	15.01	11.83	9.68
1356	2000	15	29.69	16.70	12.99	10.84
1357	2000	14	33.97	20.06	13.91	11.76
1358	2000	13	35.11	21.55	13.56	11.41
1359	2000	12	38.03	24.41	13.62	11.47
1360	2000	11	40.71	25.71	15.00	12.85
1361	2000	10	41.01	25.73	15.29	13.14
1362	2000	9	41.41	26.58	14.83	12.68
1363	2000	8	43.83	28.02	15.81	13.66
1364	2000	7	45.77	28.57	17.20	15.06
1365	2000	6	46.41	29.12	17.29	15.14
1366	2000	5	46.76	29.75	17.00	14.86
1367	2000	4	50.22	31.14	19.08	16.93
1368	2000	3	49.29	31.66	17.63	15.48
1369	2000	2	48.01	31.06	16.95	14.80
1370	2000	1	45.08	28.96	16.11	13.96
1371	1999	53	42.53	27.07	15.46	13.31
1372	1999	52	45.15	28.78	16.37	14.22
1373	1999	51	44.86	28.53	16.33	14.18
1374	1999	50	41.14	27.04	14.09	11.94
1375	1999	49	40.75	26.30	14.45	12.30
1376	1999	48	39.63	26.20	13.43	11.28
1377	1999	47	37.05	24.32	12.73	10.59
1378	1999	46	32.11	21.23	10.88	8.73
1379	1999	45	27.90	17.15	10.75	8.60
1380	1999	44	24.03	14.13	9.89	7.74
1381	1999	43	20.64	12.01	8.63	6.48
1382	1999	42	17.02	9.36	7.65	5.50
1383	1999	41	13.52	7.00	6.53	4.38
1384	1999	40	10.44	4.84	5.60	3.45
1385	1999	39	6.82	3.14	3.68	1.53
1386	1999	38	4.21	0.90	3.31	1.16
1387	1999	37	3.27	0.16	3.11	0.96
1388	1999	36	3.19	0.16	3.03	0.88
1389	1999	35	2.60	0.21	2.38	0.32
1390	1999	34	2.58	0.24	2.34	0.27
1391	1999	33	2.58	0.24	2.34	0.27
1392	1999	32	2.59	0.21	2.38	0.31
1393	1999	31	2.70	0.32	2.38	0.31
1394	1999	30	3.25	0.37	2.89	0.78
1395	1999	29	3.22	0.37	2.86	0.75
1396	1999	28	3.37	0.40	2.97	0.86
1397	1999	27	4.78	0.60	4.18	2.03
1398	1999	26	6.03	1.62	4.41	2.26
1399	1999	25	7.32	2.76	4.56	2.41
1400	1999	24	10.12	4.40	5.72	3.57
1401	1999	23	12.46	5.40	7.06	4.91
1402	1999	22	15.01	7.58	7.43	5.28
1403	1999	21	17.50	8.78	8.72	6.57
1404	1999	20	20.21	10.29	9.92	7.77
1405	1999	19	21.01	10.62	10.39	8.24
1406	1999	18	23.43	12.95	10.49	8.34
1407	1999	17	26.78	14.94	11.84	9.69
1408	1999	16	27.59	15.62	11.97	9.82
1409	1999	15	33.36	19.66	13.70	11.55
1410	1999	14	36.42	21.17	15.25	13.10
1411	1999	13	36.63	22.16	14.47	12.32
1412	1999	12	38.75	23.78	14.97	12.82
1413	1999	11	42.00	24.91	17.10	14.95
1414	1999	10	41.57	25.09	16.48	14.33
1415	1999	9	44.13	28.35	15.78	13.63
1416	1999	8	42.86	26.39	16.46	14.32
1417	1999	7	44.16	27.69	16.47	14.32
1418	1999	6	43.76	27.42	16.33	14.19
1419	1999	5	47.23	30.22	17.01	14.86
1420	1999	4	43.39	26.59	16.80	14.65
1421	1999	3	43.35	26.69	16.65	14.51
1422	1999	2	44.59	27.36	17.23	15.08
1423	1999	1	45.77	27.87	17.90	15.75
1424	1998	52	43.49	26.87	16.62	14.47
1425	1998	51	45.42	27.47	17.95	15.80
1426	1998	50	41.74	27.09	14.65	12.50
1427	1998	49	43.36	27.64	15.72	13.57
1428	1998	48	38.65	25.83	12.82	10.67
1429	1998	47	37.71	24.61	13.10	10.95
1430	1998	46	38.06	23.78	14.29	12.14
1431	1998	45	24.59	15.00	9.59	7.44
1432	1998	44	23.10	14.45	8.66	6.51
1433	1998	43	21.60	12.71	8.88	6.73
1434	1998	42	18.94	11.36	7.58	5.43
1435	1998	41	17.60	10.34	7.26	5.11
1436	1998	40	15.62	10.02	5.60	3.45
1437	1998	39	7.23	4.15	3.08	0.97
1438	1998	38	7.10	3.83	3.27	1.12
1439	1998	37	3.43	0.66	2.77	0.62
1440	1998	36	3.24	0.59	2.65	0.50
1441	1998	35	3.16	0.91	2.25	0.26
1442	1998	34	2.92	0.80	2.12	0.22
1443	1998	33	3.27	0.76	2.51	0.52
1444	1998	32	3.27	0.76	2.51	0.52
1445	1998	31	3.01	0.61	2.40	0.41
1446	1998	30	3.42	0.98	2.44	0.42
1447	1998	29	3.88	1.05	2.83	0.80
1448	1998	28	4.34	1.29	3.05	1.03
1449	1998	27	4.72	1.59	3.14	1.11
1450	1998	26	5.99	2.23	3.76	1.61
1451	1998	25	9.46	4.06	5.39	3.24
1452	1998	24	10.03	4.62	5.41	3.26
1453	1998	23	12.54	6.35	6.19	4.04
1454	1998	22	13.85	7.10	6.75	4.61
1455	1998	21	17.14	9.45	7.69	5.54
1456	1998	20	19.32	11.02	8.31	6.16
1457	1998	19	20.96	11.76	9.20	7.05
1458	1998	18	24.58	14.76	9.83	7.68
1459	1998	17	27.86	16.50	11.35	9.20
1460	1998	16	30.94	19.00	11.94	9.79
1461	1998	15	34.11	20.89	13.22	11.07
1462	1998	14	33.72	20.07	13.65	11.50
1463	1998	13	38.54	23.28	15.26	13.11
1464	1998	12	42.22	26.09	16.13	13.98
1465	1998	11	42.21	25.37	16.84	14.69
1466	1998	10	43.18	25.63	17.56	15.41
1467	1998	9	42.29	26.29	16.00	13.85
1468	1998	8	43.90	27.77	16.13	13.98
1469	1998	7	44.09	27.65	16.44	14.29
1470	1998	6	47.72	30.77	16.95	14.80
1471	1998	5	46.16	29.65	16.51	14.36
1472	1998	4	47.07	29.96	17.11	14.96
1473	1998	3	47.00	29.36	17.64	15.49
1474	1998	2	45.22	27.92	17.30	15.15
1475	1998	1	44.50	28.01	16.49	14.34
1476	1997	52	46.14	28.55	17.59	15.44
1477	1997	51	45.47	29.12	16.35	14.20
1478	1997	50	43.52	26.71	16.81	14.66
1479	1997	49	42.64	25.58	17.06	14.91
1480	1997	48	38.99	24.18	14.81	12.70
1481	1997	47	38.47	24.18	14.28	12.17
1482	1997	46	35.96	21.32	14.65	12.53
1483	1997	45	29.93	18.10	11.83	9.72
1484	1997	44	23.10	13.17	9.93	7.78
1485	1997	43	20.43	10.36	10.07	7.92
1486	1997	42	21.11	12.04	9.07	6.92
1487	1997	41	15.33	7.06	8.27	6.12
1488	1997	40	8.80	3.82	4.98	2.83
1489	1997	39	9.14	4.33	4.81	2.66
1490	1997	38	9.54	5.05	4.48	2.33
1491	1997	37	5.06	1.39	3.67	1.64
1492	1997	36	3.93	0.84	3.09	0.98
1493	1997	35	3.46	0.71	2.75	0.77
1494	1997	34	4.26	0.89	3.37	1.38
1495	1997	33	3.23	0.82	2.41	0.47
1496	1997	32	3.31	0.89	2.42	0.47
1497	1997	31	4.05	1.04	3.01	1.06
1498	1997	30	3.51	0.93	2.58	0.59
1499	1997	29	4.27	1.23	3.04	1.06
1500	1997	28	4.36	1.28	3.08	1.09
1501	1997	27	5.35	1.61	3.74	1.71
1502	1997	26	6.55	1.91	4.64	2.49
1503	1997	25	9.86	3.64	6.22	4.07
1504	1997	24	9.78	3.26	6.52	4.37
1505	1997	23	11.87	4.62	7.25	5.10
1506	1997	22	18.00	7.94	10.06	7.91
1507	1997	21	17.65	7.80	9.85	7.70
1508	1997	20	20.53	9.30	11.23	9.08
1509	1997	19	20.75	9.48	11.26	9.12
1510	1997	18	23.38	11.05	12.32	10.17
1511	1997	17	24.99	11.78	13.20	11.06
1512	1997	16	30.56	16.53	14.03	11.88
1513	1997	15	34.40	18.22	16.18	14.03
1514	1997	14	36.22	20.43	15.78	13.63
1515	1997	13	37.13	21.79	15.34	13.19
1516	1997	12	38.06	22.64	15.42	13.27
1517	1997	11	39.14	23.01	16.13	13.98
1518	1997	10	40.08	23.78	16.30	14.15
1519	1997	9	42.87	26.53	16.35	14.20
1520	1997	8	43.20	26.81	16.38	14.23
1521	1997	7	45.06	27.76	17.30	15.15
1522	1997	6	49.48	31.37	18.11	15.96
1523	1997	5	46.77	29.78	16.99	14.84
1524	1997	4	46.67	28.94	17.73	15.58
1525	1997	3	46.73	28.75	17.97	15.82
1526	1997	2	47.30	28.86	18.44	16.29
1527	1997	1	46.23	29.74	16.50	14.35
1528	1996	52	44.77	28.41	16.36	14.21
1529	1996	51	44.54	27.05	17.48	15.33
1530	1996	50	39.66	23.46	16.20	14.05
1531	1996	49	39.41	22.53	16.88	14.73
1532	1996	48	37.94	21.42	16.53	14.38
1533	1996	47	37.31	21.41	15.90	13.78
1534	1996	46	35.87	21.05	14.83	12.71
1535	1996	45	34.57	20.74	13.83	11.71
1536	1996	44	28.28	15.87	12.41	10.26
1537	1996	43	24.02	13.45	10.57	8.42
1538	1996	42	19.55	9.08	10.47	8.32
1539	1996	41	14.24	7.39	6.85	4.71
1540	1996	40	14.79	7.69	7.10	4.96
1541	1996	39	8.36	3.86	4.50	2.35
1542	1996	38	8.86	4.30	4.56	2.45
1543	1996	37	5.79	1.53	4.27	2.19
1544	1996	36	4.45	1.07	3.38	1.31
1545	1996	35	2.90	0.44	2.46	0.63
1546	1996	34	2.51	0.21	2.30	0.44
1547	1996	33	2.53	0.19	2.34	0.36
1548	1996	32	2.62	0.24	2.39	0.40
1549	1996	31	2.50	0.24	2.26	0.28
1550	1996	30	2.61	0.39	2.22	0.19
1551	1996	29	3.18	1.06	2.12	0.36
1552	1996	28	5.20	1.84	3.36	1.34
1553	1996	27	4.96	1.73	3.23	1.25
1554	1996	26	6.30	2.25	4.05	1.90
1555	1996	25	10.53	4.53	6.00	3.85
1556	1996	24	11.30	5.26	6.05	3.90
1557	1996	23	13.85	6.74	7.11	4.96
1558	1996	22	16.68	8.48	8.20	6.05
1559	1996	21	18.00	9.26	8.74	6.59
1560	1996	20	18.65	9.09	9.56	7.41
1561	1996	19	23.93	11.98	11.95	9.80
1562	1996	18	25.33	13.64	11.68	9.54
1563	1996	17	28.17	15.73	12.44	10.29
1564	1996	16	30.01	16.57	13.44	11.29
1565	1996	15	36.36	21.77	14.59	12.44
1566	1996	14	38.17	23.08	15.09	12.94
1567	1996	13	39.31	23.72	15.58	13.43
1568	1996	12	41.13	24.70	16.44	14.29
1569	1996	11	41.36	25.94	15.42	13.27
1570	1996	10	43.81	26.97	16.84	14.69
1571	1996	9	44.45	27.42	17.03	14.88
1572	1996	8	43.65	27.77	15.87	13.72
1573	1996	7	43.37	26.81	16.56	14.41
1574	1996	6	45.78	29.40	16.37	14.23
1575	1996	5	48.60	29.65	18.95	16.80
1576	1996	4	47.96	30.65	17.31	15.16
1577	1996	3	46.01	29.11	16.90	14.75
1578	1996	2	45.34	28.45	16.89	14.74
1579	1996	1	47.90	29.43	18.47	16.32
1580	1995	52	46.99	30.47	16.52	14.37
1581	1995	51	46.20	28.90	17.30	15.15
1582	1995	50	43.40	27.49	15.91	13.76
1583	1995	49	43.23	26.08	17.14	14.99
1584	1995	48	38.91	24.21	14.70	12.55
1585	1995	47	37.37	22.80	14.58	12.46
1586	1995	46	36.51	22.36	14.16	12.04
1587	1995	45	33.87	19.46	14.41	12.26
1588	1995	44	30.01	17.20	12.81	10.66
1589	1995	43	24.84	14.51	10.33	8.19
1590	1995	42	18.27	9.77	8.50	6.39
1591	1995	41	16.22	9.20	7.02	4.91
1592	1995	40	11.53	5.66	5.86	3.75
1593	1995	39	8.68	4.44	4.24	2.13
1594	1995	38	6.97	2.92	4.06	1.99
1595	1995	37	6.09	2.25	3.83	1.76
1596	1995	36	4.84	0.84	4.00	1.93
1597	1995	35	4.74	0.87	3.87	1.76
1598	1995	34	3.39	0.74	2.64	0.70
1599	1995	33	3.35	0.78	2.57	0.66
1600	1995	32	3.32	0.87	2.45	0.55
1601	1995	31	3.55	1.02	2.53	0.62
1602	1995	30	3.46	1.00	2.46	0.56
1603	1995	29	3.47	0.97	2.50	0.60
1604	1995	28	3.56	1.01	2.55	0.57
1605	1995	27	4.09	1.38	2.71	0.72
1606	1995	26	6.92	2.75	4.16	2.01
1607	1995	25	8.47	2.85	5.62	3.47
1608	1995	24	9.26	3.50	5.76	3.62
1609	1995	23	9.35	3.66	5.69	3.54
1610	1995	22	13.35	6.39	6.96	4.81
1611	1995	21	15.10	7.86	7.24	5.09
1612	1995	20	18.88	10.28	8.60	6.45
1613	1995	19	21.19	11.30	9.90	7.75
1614	1995	18	22.46	12.08	10.38	8.23
1615	1995	17	28.37	15.09	13.28	11.13
1616	1995	16	29.47	15.96	13.51	11.36
1617	1995	15	34.12	19.73	14.39	12.24
1618	1995	14	37.77	21.45	16.32	14.17
1619	1995	13	36.18	21.75	14.43	12.28
1620	1995	12	36.38	21.69	14.70	12.55
1621	1995	11	38.44	23.55	14.88	12.73
1622	1995	10	38.55	23.50	15.05	12.90
1623	1995	9	41.25	24.22	17.04	14.89
1624	1995	8	40.80	25.28	15.52	13.37
1625	1995	7	40.99	25.33	15.66	13.51
1626	1995	6	43.94	26.48	17.45	15.30
1627	1995	5	45.65	28.72	16.92	14.77
1628	1995	4	47.75	29.95	17.80	15.65
1629	1995	3	47.34	29.44	17.90	15.75
1630	1995	2	44.58	28.42	16.16	14.01
1631	1995	1	45.43	27.89	17.54	15.39
1632	1994	52	44.23	26.94	17.30	15.15
1633	1994	51	45.90	29.90	16.01	13.86
1634	1994	50	43.57	26.86	16.71	14.56
1635	1994	49	42.48	25.19	17.29	15.14
1636	1994	48	41.20	25.32	15.87	13.73
1637	1994	47	36.51	20.56	15.95	13.80
1638	1994	46	35.12	21.06	14.06	11.91
1639	1994	45	30.80	19.07	11.74	9.59
1640	1994	44	29.78	17.67	12.11	10.00
1641	1994	43	21.29	12.56	8.73	6.58
1642	1994	42	14.86	7.49	7.37	5.22
1643	1994	41	12.78	6.38	6.40	4.25
1644	1994	40	10.77	4.61	6.16	4.01
1645	1994	39	7.60	2.88	4.71	2.56
1646	1994	38	6.44	2.44	4.00	1.85
1647	1994	37	4.82	1.51	3.31	1.20
1648	1994	36	3.29	0.27	3.03	0.92
1649	1994	35	2.80	0.37	2.44	0.60
1650	1994	34	2.64	0.30	2.34	0.55
1651	1994	33	2.62	0.44	2.18	0.28
1652	1994	32	2.74	0.48	2.26	0.28
1653	1994	31	2.81	0.47	2.34	0.35
1654	1994	30	2.90	0.40	2.50	0.47
1655	1994	29	3.02	0.45	2.57	0.59
1656	1994	28	2.51	0.49	2.03	0.24
1657	1994	27	3.07	0.49	2.57	0.67
1658	1994	26	6.01	2.34	3.67	1.68
1659	1994	25	6.61	2.21	4.40	2.29
1660	1994	24	8.46	3.27	5.20	3.08
1661	1994	23	10.30	3.81	6.48	4.37
1662	1994	22	12.38	5.23	7.15	5.00
1663	1994	21	16.83	9.25	7.58	5.43
1664	1994	20	17.59	9.33	8.26	6.11
1665	1994	19	18.92	10.21	8.71	6.57
1666	1994	18	21.02	11.21	9.81	7.66
1667	1994	17	22.99	11.64	11.35	9.20
1668	1994	16	26.85	14.82	12.03	9.88
1669	1994	15	30.56	17.51	13.04	10.89
1670	1994	14	33.78	19.68	14.10	11.95
1671	1994	13	34.91	20.47	14.44	12.30
1672	1994	12	37.35	22.36	15.00	12.85
1673	1994	11	39.22	24.31	14.90	12.76
1674	1994	10	41.10	25.82	15.28	13.13
1675	1994	9	41.85	25.98	15.86	13.72
1676	1994	8	45.77	28.26	17.51	15.36
1677	1994	7	46.25	29.97	16.28	14.13
1678	1994	6	46.68	29.00	17.68	15.53
1679	1994	5	45.00	27.76	17.24	15.09
1680	1994	4	45.41	27.32	18.10	15.95
1681	1994	3	45.55	28.14	17.41	15.26
1682	1994	2	45.55	27.51	18.03	15.89
1683	1994	1	45.21	27.59	17.62	15.47
1684	1993	53	43.75	26.66	17.09	14.94
1685	1993	52	43.98	26.95	17.03	14.88
1686	1993	51	44.79	28.78	16.01	13.86
1687	1993	50	44.05	28.96	15.09	12.98
1688	1993	49	43.37	28.15	15.22	13.11
1689	1993	48	47.85	31.61	16.24	14.13
1690	1993	47	40.78	26.69	14.09	11.97
1691	1993	46	35.03	20.62	14.41	12.26
1692	1993	45	31.98	18.35	13.63	11.48
1693	1993	44	25.14	15.06	10.08	7.93
1694	1993	43	20.75	12.39	8.35	6.20
1695	1993	42	17.72	10.16	7.56	5.45
1696	1993	41	13.63	7.07	6.57	4.45
1697	1993	40	12.29	6.23	6.06	3.91
1698	1993	39	6.00	1.49	4.51	2.44
1699	1993	38	4.90	1.13	3.78	1.67
1700	1993	37	4.11	1.19	2.92	0.81
1701	1993	36	3.23	0.57	2.66	0.56
1702	1993	35	2.77	0.42	2.34	0.36
1703	1993	34	2.54	0.39	2.15	0.16
1704	1993	33	2.40	0.30	2.11	0.16
1705	1993	32	2.60	0.38	2.22	0.24
1706	1993	31	3.07	0.64	2.43	0.44
1707	1993	30	3.06	0.64	2.41	0.47
1708	1993	29	3.22	0.86	2.36	0.38
1709	1993	28	3.62	1.08	2.54	0.52
1710	1993	27	3.74	1.16	2.57	0.55
1711	1993	26	4.25	0.86	3.39	1.24
1712	1993	25	7.93	2.65	5.28	3.13
1713	1993	24	9.39	3.74	5.66	3.51
1714	1993	23	11.30	5.16	6.14	3.99
1715	1993	22	14.73	7.49	7.23	5.08
1716	1993	21	17.78	9.19	8.59	6.44
1717	1993	20	19.38	10.24	9.15	7.00
1718	1993	19	20.77	10.96	9.80	7.65
1719	1993	18	22.96	12.89	10.07	7.92
1720	1993	17	25.37	14.62	10.75	8.60
1721	1993	16	30.54	17.54	13.00	10.85
1722	1993	15	29.91	16.27	13.64	11.49
1723	1993	14	31.75	18.38	13.37	11.22
1724	1993	13	35.24	21.33	13.91	11.76
1725	1993	12	37.93	22.57	15.37	13.22
1726	1993	11	41.70	24.76	16.94	14.79
1727	1993	10	45.55	28.25	17.30	15.15
1728	1993	9	46.24	27.80	18.43	16.29
1729	1993	8	46.50	28.51	18.00	15.85
1730	1993	7	44.08	26.15	17.93	15.78
1731	1993	6	44.15	27.18	16.97	14.82
1732	1993	5	46.95	29.33	17.62	15.47
1733	1993	4	46.44	28.59	17.85	15.70
1734	1993	3	47.51	29.33	18.18	16.03
1735	1993	2	46.81	28.62	18.19	16.05
1736	1993	1	46.52	29.13	17.39	15.24
1737	1992	52	44.90	27.11	17.80	15.65
1738	1992	51	44.96	27.13	17.83	15.69
1739	1992	50	47.64	29.42	18.22	16.07
1740	1992	49	45.06	26.88	18.18	16.03
1741	1992	48	38.65	22.84	15.82	13.67
1742	1992	47	36.70	21.60	15.10	12.95
1743	1992	46	33.15	19.71	13.44	11.29
1744	1992	45	31.72	18.90	12.82	10.71
1745	1992	44	20.42	10.83	9.59	7.44
1746	1992	43	18.02	9.34	8.67	6.53
1747	1992	42	17.48	8.80	8.68	6.53
1748	1992	41	15.80	7.80	8.00	5.85
1749	1992	40	11.75	4.94	6.81	4.66
1750	1992	39	7.65	2.97	4.68	2.64
1751	1992	38	5.22	1.24	3.98	1.91
1752	1992	37	4.68	0.83	3.85	1.78
1753	1992	36	3.88	0.35	3.53	1.46
1754	1992	35	3.10	0.40	2.69	0.78
1755	1992	34	2.23	0.16	2.07	0.16
1756	1992	33	2.19	0.12	2.07	0.16
1757	1992	32	2.23	0.12	2.11	0.20
1758	1992	31	2.39	0.12	2.27	0.32
1759	1992	30	2.47	0.12	2.35	0.36
1760	1992	29	2.75	0.16	2.59	0.57
1761	1992	28	4.60	1.05	3.55	1.52
1762	1992	27	5.52	1.67	3.85	1.86
1763	1992	26	8.50	3.16	5.34	3.19
1764	1992	25	8.43	2.86	5.57	3.42
1765	1992	24	11.02	4.33	6.69	4.54
1766	1992	23	13.30	5.62	7.67	5.52
1767	1992	22	13.67	5.21	8.46	6.31
1768	1992	21	15.53	6.55	8.99	6.84
1769	1992	20	20.38	10.24	10.13	7.98
1770	1992	19	22.02	11.44	10.58	8.47
1771	1992	18	24.71	13.65	11.06	8.91
1772	1992	17	26.18	13.58	12.60	10.45
1773	1992	16	26.69	14.04	12.65	10.51
1774	1992	15	31.74	18.46	13.28	11.13
1775	1992	14	33.08	19.65	13.42	11.27
1776	1992	13	35.10	21.12	13.97	11.82
1777	1992	12	39.41	24.04	15.37	13.22
1778	1992	11	38.61	24.07	14.54	12.39
1779	1992	10	40.95	25.95	15.00	12.85
1780	1992	9	41.59	26.57	15.02	12.87
1781	1992	8	41.75	26.30	15.45	13.30
1782	1992	7	45.20	28.81	16.40	14.25
1783	1992	6	44.62	28.53	16.10	13.95
1784	1992	5	44.49	28.35	16.14	13.99
1785	1992	4	46.33	29.24	17.09	14.94
1786	1992	3	47.40	29.24	18.15	16.01
1787	1992	2	44.83	28.30	16.52	14.37
1788	1992	1	47.49	31.47	16.02	13.87
1789	1991	52	45.94	29.39	16.55	14.40
1790	1991	51	42.47	26.43	16.04	13.89
1791	1991	50	43.88	28.02	15.86	13.71
1792	1991	49	40.56	24.59	15.98	13.83
1793	1991	48	38.16	22.58	15.58	13.43
1794	1991	47	35.25	20.93	14.32	12.17
1795	1991	46	35.43	20.77	14.66	12.51
1796	1991	45	32.01	17.65	14.36	12.24
1797	1991	44	30.18	14.87	15.32	13.20
1798	1991	43	19.52	8.87	10.64	8.50
1799	1991	42	13.82	6.81	7.01	4.94
1800	1991	41	13.22	6.34	6.89	4.81
1801	1991	40	9.47	3.63	5.84	3.69
1802	1991	39	6.67	1.68	4.99	2.84
1803	1991	38	4.14	0.42	3.72	1.68
1804	1991	37	3.56	0.26	3.30	1.27
1805	1991	36	2.90	0.18	2.72	0.68
1806	1991	35	2.75	0.21	2.54	0.63
1807	1991	34	3.14	0.71	2.43	0.61
1808	1991	33	2.99	0.67	2.32	0.49
1809	1991	32	3.08	0.57	2.51	0.60
1810	1991	31	3.04	0.57	2.48	0.61
1811	1991	30	3.27	0.59	2.68	0.73
1812	1991	29	3.42	0.62	2.80	0.81
1813	1991	28	3.08	0.50	2.57	0.59
1814	1991	27	3.51	0.73	2.77	0.79
1815	1991	26	6.30	1.59	4.71	2.56
1816	1991	25	8.31	2.65	5.66	3.51
1817	1991	24	12.89	5.75	7.14	4.99
1818	1991	23	12.18	5.72	6.46	4.32
1819	1991	22	15.80	8.38	7.42	5.27
1820	1991	21	16.67	8.91	7.76	5.61
1821	1991	20	18.33	9.95	8.38	6.23
1822	1991	19	18.96	10.03	8.93	6.78
1823	1991	18	24.08	12.66	11.43	9.28
1824	1991	17	24.19	12.86	11.34	9.19
1825	1991	16	25.56	13.94	11.62	9.47
1826	1991	15	29.38	16.30	13.09	10.94
1827	1991	14	34.84	21.32	13.52	11.37
1828	1991	13	35.15	21.54	13.60	11.45
1829	1991	12	36.86	22.12	14.74	12.59
1830	1991	11	41.16	25.64	15.52	13.37
1831	1991	10	41.42	25.97	15.45	13.30
1832	1991	9	44.02	28.31	15.70	13.56
1833	1991	8	45.12	29.06	16.06	13.91
1834	1991	7	46.33	29.70	16.64	14.49
1835	1991	6	45.03	29.55	15.47	13.32
1836	1991	5	47.32	30.51	16.81	14.66
1837	1991	4	45.27	27.47	17.80	15.65
1838	1991	3	43.99	27.03	16.96	14.81
1839	1991	2	47.22	29.26	17.95	15.81
1840	1991	1	48.01	29.82	18.19	16.04
1841	1990	52	47.90	29.46	18.44	16.29
1842	1990	51	48.65	29.56	19.09	16.94
1843	1990	50	43.29	26.85	16.44	14.29
1844	1990	49	40.77	26.07	14.70	12.55
1845	1990	48	35.53	20.77	14.77	12.62
1846	1990	47	31.64	18.87	12.77	10.66
1847	1990	46	32.89	21.25	11.63	9.52
1848	1990	45	28.84	16.51	12.33	10.22
1849	1990	44	22.23	12.62	9.61	7.46
1850	1990	43	18.92	10.26	8.66	6.51
1851	1990	42	16.68	8.39	8.29	6.14
1852	1990	41	13.70	7.03	6.67	4.55
1853	1990	40	11.09	4.14	6.95	4.84
1854	1990	39	5.46	1.08	4.38	2.27
1855	1990	38	4.62	1.05	3.58	1.46
1856	1990	37	3.11	0.12	2.99	0.88
1857	1990	36	2.95	0.24	2.71	0.72
1858	1990	35	2.54	0.31	2.23	0.36
1859	1990	34	2.07	0.12	1.95	0.12
1860	1990	33	2.48	0.35	2.13	0.23
1861	1990	32	2.51	0.29	2.22	0.31
1862	1990	31	2.39	0.08	2.30	0.36
1863	1990	30	2.11	0.08	2.03	0.12
1864	1990	29	2.51	0.20	2.31	0.32
1865	1990	28	3.37	0.54	2.84	0.89
1866	1990	27	3.34	0.55	2.79	0.84
1867	1990	26	5.36	1.39	3.98	1.83
1868	1990	25	7.08	2.17	4.90	2.75
1869	1990	24	6.37	1.29	5.08	2.93
1870	1990	23	7.32	2.02	5.30	3.15
1871	1990	22	10.79	4.44	6.35	4.20
1872	1990	21	13.39	6.18	7.21	5.06
1873	1990	20	17.46	8.41	9.05	6.90
1874	1990	19	19.59	9.21	10.38	8.23
1875	1990	18	20.37	10.12	10.25	8.10
1876	1990	17	24.60	12.64	11.96	9.81
1877	1990	16	26.08	14.14	11.95	9.80
1878	1990	15	29.27	16.21	13.06	10.91
1879	1990	14	30.78	17.49	13.30	11.15
1880	1990	13	34.13	19.80	14.33	12.18
1881	1990	12	35.55	20.45	15.10	12.95
1882	1990	11	37.46	22.28	15.18	13.03
1883	1990	10	38.70	23.57	15.13	12.98
1884	1990	9	39.60	24.20	15.40	13.25
1885	1990	8	42.60	26.26	16.33	14.18
1886	1990	7	44.32	26.64	17.68	15.53
1887	1990	6	42.57	26.99	15.59	13.44
1888	1990	5	46.48	28.90	17.57	15.42
1889	1990	4	44.78	27.88	16.90	14.75
1890	1990	3	46.53	29.20	17.33	15.18
1891	1990	2	44.69	28.71	15.98	13.83
1892	1990	1	46.61	29.62	16.99	14.84
1893	1989	52	44.78	27.47	17.31	15.16
1894	1989	51	46.51	28.25	18.26	16.11
1895	1989	50	45.78	27.56	18.22	16.07
1896	1989	49	43.12	26.21	16.92	14.77
1897	1989	48	44.29	27.45	16.84	14.69
1898	1989	47	39.29	23.11	16.19	14.04
1899	1989	46	30.52	17.70	12.82	10.71
1900	1989	45	29.85	17.00	12.84	10.69
1901	1989	44	25.76	15.34	10.42	8.31
1902	1989	43	22.49	13.32	9.17	7.06
1903	1989	42	18.56	9.80	8.75	6.64
1904	1989	41	14.49	7.31	7.18	5.06
1905	1989	40	11.66	6.01	5.65	3.54
1906	1989	39	10.52	5.07	5.45	3.33
1907	1989	38	6.88	2.42	4.47	2.35
1908	1989	37	6.10	1.79	4.32	2.20
1909	1989	36	2.57	0.21	2.36	0.40
1910	1989	35	2.66	0.38	2.28	0.28
1911	1989	34	2.11	0.24	1.87	0.12
1912	1989	33	2.46	0.32	2.15	0.24
1913	1989	32	2.53	0.54	1.99	0.08
1914	1989	31	2.44	0.45	1.99	0.08
1915	1989	30	2.85	0.55	2.30	0.35
1916	1989	29	3.31	1.01	2.30	0.31
1917	1989	28	4.47	1.80	2.67	0.64
1918	1989	27	4.57	1.80	2.76	0.78
1919	1989	26	5.95	2.20	3.75	1.60
1920	1989	25	6.91	3.08	3.82	1.75
1921	1989	24	8.94	3.49	5.45	3.34
1922	1989	23	11.15	4.70	6.45	4.34
1923	1989	22	12.54	5.40	7.13	4.98
1924	1989	21	15.50	7.32	8.18	6.03
1925	1989	20	17.43	9.07	8.36	6.21
1926	1989	19	17.79	9.39	8.40	6.25
1927	1989	18	22.08	11.13	10.95	8.80
1928	1989	17	24.89	12.91	11.98	9.83
1929	1989	16	28.43	15.65	12.78	10.63
1930	1989	15	31.60	17.74	13.85	11.70
1931	1989	14	31.92	17.46	14.46	12.31
1932	1989	13	36.09	21.29	14.81	12.66
1933	1989	12	35.13	19.96	15.18	13.03
1934	1989	11	38.07	22.23	15.84	13.69
1935	1989	10	40.03	24.06	15.97	13.82
1936	1989	9	43.13	25.98	17.15	15.00
1937	1989	8	44.77	27.03	17.74	15.59
1938	1989	7	43.44	26.27	17.17	15.02
1939	1989	6	44.18	26.43	17.75	15.60
1940	1989	5	44.79	27.76	17.04	14.89
1941	1989	4	43.96	27.46	16.50	14.35
1942	1989	3	43.79	27.73	16.06	13.91
1943	1989	2	48.48	31.65	16.83	14.68
1944	1989	1	47.28	30.00	17.28	15.13
1945	1988	53	46.51	29.15	17.36	15.21
1946	1988	52	41.46	25.48	15.98	13.87
1947	1988	51	42.10	26.19	15.90	13.75
1948	1988	50	39.53	24.53	15.00	12.85
1949	1988	49	37.32	22.99	14.33	12.21
1950	1988	48	36.85	21.38	15.47	13.32
1951	1988	47	32.37	18.68	13.69	11.54
1952	1988	46	27.81	16.13	11.68	9.53
1953	1988	45	27.67	15.53	12.14	9.99
1954	1988	44	21.20	10.00	11.19	9.04
1955	1988	43	14.32	6.95	7.37	5.22
1956	1988	42	10.90	4.09	6.82	4.67
1957	1988	41	7.49	2.88	4.61	2.50
1958	1988	40	5.94	1.67	4.27	2.12
1959	1988	39	4.49	1.04	3.45	1.30
1960	1988	38	4.30	1.36	2.94	0.91
1961	1988	37	3.01	0.38	2.63	0.68
1962	1988	36	3.07	0.31	2.76	0.68
1963	1988	35	2.27	0.08	2.19	0.24
1964	1988	34	2.11	0.08	2.03	0.12
1965	1988	33	2.24	0.21	2.03	0.12
1966	1988	32	2.39	0.37	2.02	0.19
1967	1988	31	2.55	0.29	2.26	0.35
1968	1988	30	3.27	0.44	2.83	0.84
1969	1988	29	2.91	0.41	2.50	0.47
1970	1988	28	3.99	1.20	2.80	0.77
1971	1988	27	4.33	1.30	3.03	1.00
1972	1988	26	5.15	1.09	4.07	1.92
1973	1988	25	7.76	2.20	5.56	3.42
1974	1988	24	9.21	3.07	6.14	3.99
1975	1988	23	12.29	5.03	7.26	5.11
1976	1988	22	15.50	8.23	7.27	5.12
1977	1988	21	17.52	9.13	8.39	6.24
1978	1988	20	20.50	10.90	9.60	7.45
1979	1988	19	21.46	10.76	10.70	8.55
1980	1988	18	23.00	12.21	10.79	8.64
1981	1988	17	26.00	13.83	12.17	10.02
1982	1988	16	27.79	15.43	12.36	10.21
1983	1988	15	33.64	20.13	13.52	11.37
1984	1988	14	36.06	22.65	13.41	11.26
1985	1988	13	37.91	24.10	13.81	11.66
1986	1988	12	40.58	25.59	14.99	12.84
1987	1988	11	40.70	25.33	15.36	13.22
1988	1988	10	41.91	27.07	14.83	12.69
1989	1988	9	42.69	27.33	15.36	13.21
1990	1988	8	44.06	27.15	16.90	14.75
1991	1988	7	46.67	29.07	17.60	15.45
1992	1988	6	47.93	29.55	18.38	16.23
1993	1988	5	47.54	30.11	17.43	15.28
1994	1988	4	47.67	29.87	17.81	15.66
1995	1988	3	46.59	28.30	18.29	16.14
1996	1988	2	49.35	29.55	19.80	17.65
1997	1988	1	44.62	27.34	17.28	15.13
1998	1987	52	44.42	26.97	17.45	15.30
1999	1987	51	44.36	27.46	16.90	14.75
2000	1987	50	40.96	25.07	15.89	13.74
2001	1987	49	39.38	25.44	13.94	11.79
2002	1987	48	37.26	23.72	13.54	11.39
2003	1987	47	36.86	23.26	13.60	11.49
2004	1987	46	30.76	20.16	10.59	8.44
2005	1987	45	26.36	17.08	9.28	7.13
2006	1987	44	22.88	14.24	8.64	6.49
2007	1987	43	14.06	7.48	6.58	4.47
2008	1987	42	11.42	5.40	6.02	3.91
2009	1987	41	10.08	4.09	5.99	3.84
2010	1987	40	10.12	5.19	4.93	2.78
2011	1987	39	7.15	3.47	3.68	1.53
2012	1987	38	4.69	1.29	3.41	1.26
2013	1987	37	4.44	0.98	3.46	1.35
2014	1987	36	3.00	0.29	2.72	0.68
2015	1987	35	2.76	0.22	2.54	0.63
2016	1987	34	2.58	0.39	2.19	0.24
2017	1987	33	2.50	0.35	2.15	0.20
2018	1987	32	2.89	0.34	2.54	0.56
2019	1987	31	3.24	0.52	2.72	0.69
2020	1987	30	3.77	0.77	3.00	0.97
2021	1987	29	4.28	0.66	3.62	1.59
2022	1987	28	6.91	2.34	4.57	2.54
2023	1987	27	7.15	2.84	4.32	2.29
2024	1987	26	10.15	4.23	5.92	3.77
2025	1987	25	11.60	5.19	6.41	4.26
2026	1987	24	12.52	5.84	6.68	4.53
2027	1987	23	14.56	7.74	6.82	4.67
2028	1987	22	15.72	8.25	7.47	5.32
2029	1987	21	17.51	9.12	8.38	6.23
2030	1987	20	18.38	9.92	8.46	6.31
2031	1987	19	20.27	11.23	9.04	6.89
2032	1987	18	22.04	12.17	9.87	7.72
2033	1987	17	29.43	18.26	11.17	9.03
2034	1987	16	29.61	18.43	11.17	9.03
2035	1987	15	32.75	20.34	12.42	10.27
2036	1987	14	37.09	23.14	13.95	11.80
2037	1987	13	42.52	26.71	15.82	13.67
2038	1987	12	43.41	27.38	16.03	13.88
2039	1987	11	45.22	28.74	16.48	14.33
2040	1987	10	43.18	27.78	15.39	13.24
2041	1987	9	47.35	29.62	17.73	15.58
2042	1987	8	45.05	28.88	16.17	14.02
2043	1987	7	46.48	30.12	16.36	14.21
2044	1987	6	44.43	28.57	15.85	13.70
2045	1987	5	46.14	29.19	16.95	14.80
2046	1987	4	49.55	31.16	18.40	16.25
2047	1987	3	48.67	30.29	18.38	16.23
2048	1987	2	47.75	30.98	16.77	14.62
2049	1987	1	45.64	29.58	16.06	13.91
2050	1986	52	44.62	29.24	15.38	13.23
2051	1986	51	41.35	25.71	15.64	13.49
2052	1986	50	40.06	23.97	16.10	13.95
2053	1986	49	40.97	24.83	16.14	14.02
2054	1986	48	38.64	24.08	14.56	12.45
2055	1986	47	37.67	22.00	15.66	13.55
2056	1986	46	32.73	18.23	14.50	12.35
2057	1986	45	31.48	16.98	14.50	12.35
2058	1986	44	24.20	13.38	10.82	8.68
2059	1986	43	18.32	9.45	8.87	6.76
2060	1986	42	18.27	9.41	8.86	6.71
2061	1986	41	16.43	7.30	9.13	6.98
2062	1986	40	12.05	5.49	6.55	4.40
2063	1986	39	9.85	4.44	5.42	3.27
2064	1986	38	5.89	1.93	3.96	1.81
2065	1986	37	5.66	1.43	4.23	2.08
2066	1986	36	4.34	0.69	3.65	1.50
2067	1986	35	3.12	0.30	2.82	0.83
2068	1986	34	2.67	0.26	2.41	0.46
2069	1986	33	2.58	0.25	2.33	0.43
2070	1986	32	3.40	0.41	2.99	1.00
2071	1986	31	3.45	0.31	3.14	1.16
2072	1986	30	3.54	0.44	3.10	1.07
2073	1986	29	3.86	0.76	3.10	1.08
2074	1986	28	4.66	1.18	3.48	1.45
2075	1986	27	5.37	1.29	4.08	2.06
2076	1986	26	8.35	2.59	5.76	3.61
2077	1986	25	8.89	2.74	6.16	4.01
2078	1986	24	10.78	3.99	6.79	4.64
2079	1986	23	14.79	6.32	8.47	6.32
2080	1986	22	15.61	6.96	8.66	6.51
2081	1986	21	18.60	9.96	8.64	6.49
2082	1986	20	20.14	10.48	9.66	7.51
2083	1986	19	23.57	12.69	10.88	8.73
2084	1986	18	24.16	12.92	11.24	9.09
2085	1986	17	26.83	14.93	11.90	9.75
2086	1986	16	29.64	16.64	13.00	10.85
2087	1986	15	31.87	18.14	13.74	11.59
2088	1986	14	34.99	20.95	14.03	11.88
2089	1986	13	36.63	22.72	13.92	11.77
2090	1986	12	37.42	23.01	14.41	12.26
2091	1986	11	41.33	25.53	15.80	13.65
2092	1986	10	42.05	26.11	15.94	13.79
2093	1986	9	45.24	28.76	16.48	14.33
2094	1986	8	48.43	30.79	17.64	15.49
2095	1986	7	49.66	31.00	18.65	16.51
2096	1986	6	47.74	29.25	18.49	16.34
2097	1986	5	46.65	29.39	17.26	15.11
2098	1986	4	47.11	30.11	17.00	14.85
2099	1986	3	45.56	28.33	17.23	15.08
2100	1986	2	46.37	29.18	17.19	15.04
2101	1986	1	46.31	28.95	17.36	15.21
2102	1985	52	44.99	27.26	17.73	15.58
2103	1985	51	44.89	26.51	18.37	16.22
2104	1985	50	46.38	27.69	18.68	16.53
2105	1985	49	48.47	31.01	17.46	15.31
2106	1985	48	47.12	29.21	17.91	15.76
2107	1985	47	42.13	25.18	16.95	14.80
2108	1985	46	39.11	23.71	15.41	13.26
2109	1985	45	32.33	19.55	12.79	10.64
2110	1985	44	26.52	16.40	10.13	7.98
2111	1985	43	21.52	12.19	9.33	7.18
2112	1985	42	21.20	13.31	7.89	5.74
2113	1985	41	15.98	7.23	8.75	6.60
2114	1985	40	7.22	2.23	4.99	2.88
2115	1985	39	6.58	1.88	4.70	2.59
2116	1985	38	4.61	0.67	3.94	1.83
2117	1985	37	3.96	0.68	3.28	1.17
2118	1985	36	3.48	0.32	3.16	1.01
2119	1985	35	3.04	0.42	2.63	0.68
2120	1985	34	2.66	0.19	2.47	0.53
2121	1985	33	2.84	0.24	2.60	0.61
2122	1985	32	2.85	0.37	2.48	0.50
2123	1985	31	3.81	0.82	2.99	1.27
2124	1985	30	3.57	0.58	2.99	1.00
2125	1985	29	4.13	0.58	3.54	1.56
2126	1985	28	5.91	1.52	4.39	2.40
2127	1985	27	6.03	1.70	4.33	2.30
2128	1985	26	8.10	2.59	5.52	3.37
2129	1985	25	11.38	3.79	7.59	5.44
2130	1985	24	14.20	6.23	7.97	5.82
2131	1985	23	16.45	7.66	8.80	6.65
2132	1985	22	19.81	9.44	10.36	8.21
2133	1985	21	21.62	10.63	10.99	8.84
2134	1985	20	21.41	10.96	10.45	8.30
2135	1985	19	23.42	11.60	11.81	9.66
2136	1985	18	25.58	13.42	12.15	10.01
2137	1985	17	29.14	15.96	13.18	11.03
2138	1985	16	31.10	17.48	13.62	11.47
2139	1985	15	32.79	19.15	13.65	11.50
2140	1985	14	37.59	22.27	15.32	13.17
2141	1985	13	40.66	24.05	16.61	14.46
2142	1985	12	41.64	26.11	15.53	13.38
2143	1985	11	45.61	29.28	16.33	14.18
2144	1985	10	47.38	30.43	16.95	14.80
2145	1985	9	46.60	30.20	16.40	14.25
2146	1985	8	48.99	31.56	17.43	15.28
2147	1985	7	48.43	30.22	18.22	16.07
2148	1985	6	48.94	29.56	19.38	17.23
2149	1985	5	48.60	29.09	19.52	17.37
2150	1985	4	49.78	31.04	18.74	16.59
2151	1985	3	50.81	31.71	19.09	16.94
2152	1985	2	51.57	32.44	19.13	16.98
2153	1985	1	49.24	31.24	18.00	15.85
2154	1984	52	46.56	30.05	16.51	14.36
2155	1984	51	45.55	28.02	17.53	15.38
2156	1984	50	41.15	24.23	16.92	14.77
2157	1984	49	38.33	21.92	16.41	14.26
2158	1984	48	36.90	21.59	15.31	13.16
2159	1984	47	33.63	20.84	12.79	10.64
2160	1984	46	35.37	21.76	13.60	11.46
2161	1984	45	31.94	18.95	12.98	10.84
2162	1984	44	29.65	16.54	13.11	10.96
2163	1984	43	23.09	12.33	10.75	8.64
2164	1984	42	18.70	10.65	8.05	5.90
2165	1984	41	16.66	9.88	6.78	4.63
2166	1984	40	9.58	4.22	5.36	3.21
2167	1984	39	5.57	1.28	4.29	2.14
2168	1984	38	4.23	0.54	3.69	1.54
2169	1984	37	3.69	0.42	3.27	1.12
2170	1984	36	2.96	0.12	2.84	0.69
2171	1984	35	2.69	0.32	2.37	0.38
2172	1984	34	2.70	0.48	2.22	0.23
2173	1984	33	2.36	0.29	2.07	0.08
2174	1984	32	2.38	0.36	2.02	0.16
2175	1984	31	2.54	0.36	2.18	0.20
2176	1984	30	2.62	0.59	2.03	0.04
2177	1984	29	3.15	0.60	2.55	0.64
2178	1984	28	3.27	0.68	2.59	0.57
2179	1984	27	4.26	1.14	3.12	1.09
2180	1984	26	4.78	1.11	3.68	1.53
2181	1984	25	7.36	2.63	4.73	2.58
2182	1984	24	7.74	3.06	4.68	2.53
2183	1984	23	10.77	4.47	6.29	4.14
2184	1984	22	12.21	5.14	7.07	4.92
2185	1984	21	15.41	7.25	8.16	6.02
2186	1984	20	16.20	7.81	8.39	6.24
2187	1984	19	20.83	11.29	9.54	7.39
2188	1984	18	24.29	13.72	10.56	8.41
2189	1984	17	25.97	14.61	11.37	9.22
2190	1984	16	29.16	16.82	12.34	10.19
2191	1984	15	31.16	19.38	11.78	9.63
2192	1984	14	34.46	20.80	13.66	11.51
2193	1984	13	36.60	21.94	14.66	12.51
2194	1984	12	39.69	23.96	15.73	13.58
2195	1984	11	41.47	24.67	16.80	14.65
2196	1984	10	43.49	26.04	17.45	15.30
2197	1984	9	43.83	26.77	17.06	14.91
2198	1984	8	45.11	28.38	16.73	14.58
2199	1984	7	45.11	28.45	16.66	14.51
2200	1984	6	45.24	28.63	16.61	14.46
2201	1984	5	45.45	28.29	17.16	15.02
2202	1984	4	45.84	28.36	17.48	15.33
2203	1984	3	47.55	28.15	19.40	17.25
2204	1984	2	48.08	29.12	18.96	16.82
2205	1984	1	44.87	26.98	17.88	15.73
2206	1983	52	46.00	27.25	18.75	16.60
2207	1983	51	47.27	28.77	18.50	16.35
2208	1983	50	44.36	26.62	17.74	15.59
2209	1983	49	42.24	24.65	17.58	15.43
2210	1983	48	41.91	24.21	17.70	15.55
2211	1983	47	40.47	23.55	16.92	14.77
2212	1983	46	34.10	21.05	13.05	10.90
2213	1983	45	30.87	17.91	12.96	10.81
2214	1983	44	22.37	12.63	9.74	7.59
2215	1983	43	20.14	11.04	9.10	6.95
2216	1983	42	19.24	10.76	8.48	6.33
2217	1983	41	18.10	10.06	8.04	5.89
2218	1983	40	14.15	6.65	7.50	5.35
2219	1983	39	10.23	4.10	6.13	3.99
2220	1983	38	5.73	1.90	3.83	1.68
2221	1983	37	5.10	1.81	3.29	1.14
2222	1983	36	3.16	0.43	2.73	0.58
2223	1983	35	2.98	0.56	2.42	0.27
2224	1983	34	3.10	0.70	2.39	0.41
2225	1983	33	2.97	0.83	2.14	0.20
2226	1983	32	3.25	1.01	2.24	0.30
2227	1983	31	3.31	0.94	2.36	0.38
2228	1983	30	3.14	0.77	2.37	0.35
2229	1983	29	3.48	1.21	2.27	0.24
2230	1983	28	4.39	1.28	3.10	1.08
2231	1983	27	4.59	1.26	3.33	1.31
2232	1983	26	6.56	2.00	4.56	2.53
2233	1983	25	7.80	2.59	5.21	3.06
2234	1983	24	9.70	3.44	6.26	4.11
2235	1983	23	11.69	4.84	6.85	4.70
2236	1983	22	14.43	6.99	7.44	5.29
2237	1983	21	16.36	8.02	8.34	6.19
2238	1983	20	19.28	9.69	9.58	7.43
2239	1983	19	23.43	12.53	10.90	8.75
2240	1983	18	24.17	13.08	11.10	8.95
2241	1983	17	26.41	14.29	12.12	9.97
2242	1983	16	28.90	15.74	13.16	11.01
2243	1983	15	30.34	16.14	14.21	12.06
2244	1983	14	31.77	17.88	13.89	11.74
2245	1983	13	33.68	18.87	14.81	12.66
2246	1983	12	39.36	21.86	17.50	15.35
2247	1983	11	40.72	24.10	16.62	14.47
2248	1983	10	41.05	25.79	15.26	13.11
2249	1983	9	43.37	28.57	14.80	12.65
2250	1983	8	45.51	29.78	15.74	13.59
2251	1983	7	46.19	29.57	16.62	14.47
2252	1983	6	46.44	29.18	17.26	15.11
2253	1983	5	49.09	31.02	18.07	15.92
2254	1983	4	46.28	29.18	17.10	14.95
2255	1983	3	47.81	29.69	18.12	15.97
2256	1983	2	46.37	29.21	17.15	15.00
2257	1983	1	46.00	29.26	16.74	14.59
2258	1982	53	45.55	28.10	17.45	15.30
2259	1982	52	43.85	27.39	16.47	14.32
2260	1982	51	43.26	27.31	15.95	13.80
2261	1982	50	43.37	26.05	17.32	15.17
2262	1982	49	39.47	24.69	14.78	12.63
2263	1982	48	38.95	23.18	15.77	13.62
2264	1982	47	35.42	20.91	14.51	12.37
2265	1982	46	35.44	20.86	14.59	12.44
2266	1982	45	25.78	15.38	10.40	8.25
2267	1982	44	22.66	13.81	8.85	6.70
2268	1982	43	20.81	12.47	8.34	6.19
2269	1982	42	17.03	9.82	7.21	5.06
2270	1982	41	14.49	8.25	6.24	4.09
2271	1982	40	9.35	3.39	5.96	3.81
2272	1982	39	7.80	2.37	5.43	3.28
2273	1982	38	4.80	1.04	3.75	1.73
2274	1982	37	3.39	0.61	2.78	0.76
2275	1982	36	3.65	0.95	2.70	0.68
2276	1982	35	3.31	0.92	2.39	0.40
2277	1982	34	2.76	0.58	2.18	0.19
2278	1982	33	2.99	0.60	2.39	0.40
2279	1982	32	3.02	0.60	2.41	0.43
2280	1982	31	3.15	0.56	2.59	0.61
2281	1982	30	3.23	0.67	2.56	0.57
2282	1982	29	3.17	0.71	2.46	0.43
2283	1982	28	3.28	0.71	2.57	0.55
2284	1982	27	3.71	0.84	2.87	0.84
2285	1982	26	6.06	1.56	4.50	2.35
2286	1982	25	7.99	2.78	5.21	3.06
2287	1982	24	11.29	4.61	6.69	4.54
2288	1982	23	12.52	5.23	7.29	5.14
2289	1982	22	15.98	6.89	9.09	6.94
2290	1982	21	17.05	8.39	8.65	6.50
2291	1982	20	19.59	9.43	10.16	8.01
2292	1982	19	20.68	10.32	10.37	8.22
2293	1982	18	24.36	12.01	12.36	10.21
2294	1982	17	28.31	14.72	13.59	11.44
2295	1982	16	32.13	17.58	14.56	12.41
2296	1982	15	34.79	18.23	16.56	14.42
2297	1982	14	37.72	21.31	16.41	14.26
2298	1982	13	39.68	23.72	15.96	13.81
2299	1982	12	40.36	24.02	16.34	14.19
2300	1982	11	40.17	24.39	15.79	13.64
2301	1982	10	42.76	25.82	16.95	14.80
2302	1982	9	44.89	27.96	16.93	14.78
2303	1982	8	45.37	28.21	17.17	15.02
2304	1982	7	46.98	28.08	18.90	16.75
2305	1982	6	47.29	28.47	18.82	16.67
2306	1982	5	48.29	29.94	18.35	16.20
2307	1982	4	48.83	30.31	18.52	16.37
2308	1982	3	49.28	30.39	18.89	16.74
2309	1982	2	47.69	29.22	18.47	16.32
2310	1982	1	46.33	27.77	18.55	16.40
2311	1981	52	44.57	27.30	17.27	15.12
2312	1981	51	44.53	27.39	17.15	15.00
2313	1981	50	43.13	27.33	15.80	13.65
2314	1981	49	41.62	26.08	15.54	13.39
2315	1981	48	38.79	23.67	15.12	12.97
2316	1981	47	36.49	22.68	13.82	11.67
2317	1981	46	33.11	22.04	11.07	8.92
2318	1981	45	29.19	18.20	10.99	8.84
2319	1981	44	22.36	12.32	10.04	7.89
2320	1981	43	24.65	11.54	13.10	10.95
2321	1981	42	15.48	8.23	7.25	5.10
2322	1981	41	13.20	7.49	5.71	3.68
2323	1981	40	6.67	2.63	4.04	2.01
2324	1981	39	5.51	1.83	3.67	1.64
2325	1981	38	4.05	0.82	3.23	1.19
2326	1981	37	3.82	0.79	3.03	0.99
2327	1981	36	4.16	0.90	3.26	1.23
2328	1981	35	4.68	0.89	3.78	1.80
2329	1981	34	4.44	0.86	3.58	1.60
2330	1981	33	4.56	0.86	3.70	1.72
2331	1981	32	4.51	0.86	3.65	1.66
2332	1981	31	4.68	0.72	3.96	1.93
2333	1981	30	4.61	0.69	3.92	1.89
2334	1981	29	4.26	0.83	3.43	1.40
2335	1981	28	5.98	2.41	3.57	1.55
2336	1981	27	9.53	4.48	5.06	3.03
2337	1981	26	10.24	4.37	5.87	3.72
2338	1981	25	11.86	5.16	6.70	4.55
2339	1981	24	14.44	7.21	7.23	5.08
2340	1981	23	17.13	9.25	7.88	5.73
2341	1981	22	17.30	9.35	7.95	5.80
2342	1981	21	20.33	10.87	9.45	7.31
2343	1981	20	23.65	12.95	10.70	8.55
2344	1981	19	25.16	13.83	11.33	9.18
2345	1981	18	27.24	16.03	11.20	9.06
2346	1981	17	30.64	17.92	12.72	10.57
2347	1981	16	33.06	19.93	13.13	10.98
2348	1981	15	34.89	21.98	12.91	10.76
2349	1981	14	39.49	25.66	13.84	11.69
2350	1981	13	40.93	27.20	13.73	11.58
2351	1981	12	40.88	26.64	14.24	12.09
2352	1981	11	44.38	29.15	15.23	13.08
2353	1981	10	44.83	29.07	15.76	13.61
2354	1981	9	42.81	28.18	14.64	12.49
2355	1981	8	42.24	27.58	14.66	12.51
2356	1981	7	44.33	27.85	16.47	14.33
2357	1981	6	44.79	27.92	16.87	14.72
2358	1981	5	45.29	27.14	18.14	15.99
2359	1981	4	41.47	25.94	15.53	13.38
2360	1981	3	42.51	26.06	16.44	14.29
2361	1981	2	40.79	25.15	15.64	13.49
2362	1981	1	39.79	24.95	14.83	12.68
2363	1980	52	39.50	24.88	14.62	12.47
2364	1980	51	37.47	22.67	14.80	12.65
2365	1980	50	35.70	21.94	13.76	11.61
2366	1980	49	36.84	21.87	14.97	12.82
2367	1980	48	34.53	19.97	14.56	12.41
2368	1980	47	31.97	18.83	13.13	10.98
2369	1980	46	31.57	18.83	12.74	10.62
2370	1980	45	31.54	19.15	12.40	10.25
2371	1980	44	21.89	14.11	7.79	5.64
2372	1980	43	16.39	9.50	6.90	4.75
2373	1980	42	13.34	6.76	6.58	4.47
2374	1980	41	12.30	5.94	6.36	4.21
2375	1980	40	6.61	1.59	5.01	2.87
2376	1980	39	6.40	1.61	4.79	2.64
2377	1980	38	4.51	0.87	3.64	1.57
2378	1980	37	4.40	0.81	3.59	1.56
2379	1980	36	4.27	0.84	3.43	1.35
2380	1980	35	3.83	0.66	3.17	1.19
2381	1980	34	4.32	0.83	3.49	1.58
2382	1980	33	4.15	0.74	3.42	1.47
2383	1980	32	4.32	0.64	3.69	1.70
2384	1980	31	4.65	1.10	3.55	1.56
2385	1980	30	4.95	1.27	3.68	1.65
2386	1980	29	5.51	1.55	3.96	1.97
2387	1980	28	5.74	1.75	3.99	1.96
2388	1980	27	5.75	1.89	3.85	1.83
2389	1980	26	6.80	1.97	4.83	2.68
2390	1980	25	8.36	2.83	5.53	3.38
2391	1980	24	13.00	6.47	6.53	4.41
2392	1980	23	14.14	7.53	6.62	4.47
2393	1980	22	15.49	7.94	7.56	5.41
2394	1980	21	17.91	9.37	8.54	6.39
2395	1980	20	21.99	12.87	9.12	6.97
2396	1980	19	23.32	13.85	9.48	7.33
2397	1980	18	23.54	14.04	9.50	7.35
2398	1980	17	30.20	17.84	12.36	10.21
2399	1980	16	32.88	19.97	12.91	10.76
2400	1980	15	35.72	21.38	14.34	12.19
2401	1980	14	38.44	23.84	14.60	12.45
2402	1980	13	39.95	25.11	14.84	12.69
2403	1980	12	41.99	26.06	15.93	13.78
2404	1980	11	43.45	27.04	16.41	14.26
2405	1980	10	43.92	27.45	16.46	14.31
2406	1980	9	46.89	28.55	18.34	16.23
2407	1980	8	46.50	30.09	16.42	14.27
2408	1980	7	49.30	30.62	18.68	16.53
2409	1980	6	50.35	31.10	19.24	17.09
2410	1980	5	49.02	30.51	18.51	16.36
2411	1980	4	47.26	29.62	17.64	15.49
2412	1980	3	44.34	27.51	16.84	14.73
2413	1980	2	44.70	27.60	17.10	14.98
2414	1980	1	45.99	27.72	18.26	16.11
2415	1979	52	41.44	26.49	14.96	12.81
2416	1979	51	37.36	22.80	14.56	12.41
2417	1979	50	38.13	22.16	15.97	13.82
2418	1979	49	35.05	21.11	13.94	11.79
2419	1979	48	36.60	20.95	15.66	13.51
2420	1979	47	32.41	20.10	12.31	10.16
2421	1979	46	29.56	17.94	11.61	9.47
2422	1979	45	23.88	13.14	10.74	8.59
2423	1979	44	20.22	12.35	7.88	5.73
2424	1979	43	17.19	10.46	6.74	4.59
2425	1979	42	14.96	8.80	6.16	4.01
2426	1979	41	13.00	6.84	6.16	4.01
2427	1979	40	12.71	6.59	6.12	3.97
2428	1979	39	9.57	4.23	5.34	3.19
2429	1979	38	4.97	1.45	3.53	1.42
2430	1979	37	4.38	1.08	3.29	1.18
2431	1979	36	4.15	0.96	3.18	1.11
2432	1979	35	3.88	0.84	3.04	1.06
2433	1979	34	4.14	0.96	3.18	1.23
2434	1979	33	4.00	0.91	3.09	1.14
2435	1979	32	3.51	0.86	2.64	0.81
2436	1979	31	5.29	1.23	4.06	2.07
2437	1979	30	5.55	1.41	4.14	2.12
2438	1979	29	5.83	1.50	4.33	2.31
2439	1979	28	5.87	1.61	4.26	2.23
2440	1979	27	6.18	1.68	4.50	2.47
2441	1979	26	7.37	2.04	5.33	3.22
2442	1979	25	8.14	2.38	5.76	3.65
2443	1979	24	11.63	4.52	7.11	4.96
2444	1979	23	16.86	8.71	8.16	6.01
2445	1979	22	17.76	8.91	8.85	6.74
2446	1979	21	18.19	9.27	8.93	6.81
2447	1979	20	22.10	12.13	9.97	7.82
2448	1979	19	24.92	13.54	11.38	9.27
2449	1979	18	28.18	15.86	12.33	10.22
2450	1979	17	30.62	17.63	12.98	10.83
2451	1979	16	34.23	19.67	14.56	12.41
2452	1979	15	35.48	20.01	15.47	13.32
2453	1979	14	36.60	20.79	15.80	13.66
2454	1979	13	39.54	23.69	15.85	13.70
2455	1979	12	42.16	25.99	16.17	14.05
2456	1979	11	44.37	27.87	16.50	14.35
2457	1979	10	44.92	28.16	16.76	14.61
2458	1979	9	47.53	29.32	18.21	16.06
2459	1979	8	46.21	27.50	18.71	16.56
2460	1979	7	47.18	28.54	18.65	16.57
2461	1979	6	48.54	29.37	19.17	17.10
2462	1979	5	49.26	30.45	18.82	16.70
2463	1979	4	48.91	30.25	18.66	16.55
2464	1979	3	50.08	31.42	18.66	16.51
2465	1979	2	51.85	32.81	19.04	16.89
2466	1979	1	47.44	29.25	18.19	16.04
2467	1978	52	45.18	27.17	18.01	15.86
2468	1978	51	44.32	27.01	17.31	15.16
2469	1978	50	44.25	26.94	17.31	15.20
2470	1978	49	43.35	24.81	18.54	16.39
2471	1978	48	41.65	24.92	16.74	14.59
2472	1978	47	32.77	17.87	14.91	12.76
2473	1978	46	32.65	17.77	14.89	12.74
2474	1978	45	31.30	17.94	13.36	11.21
2475	1978	44	24.22	14.68	9.54	7.43
2476	1978	43	24.56	14.76	9.80	7.65
2477	1978	42	27.33	16.99	10.33	8.18
2478	1978	41	12.20	5.64	6.56	4.44
2479	1978	40	9.37	4.03	5.34	3.27
2480	1978	39	9.41	4.15	5.26	3.14
2481	1978	38	6.50	1.75	4.75	2.64
2482	1978	37	5.30	1.16	4.13	2.02
2483	1978	36	4.92	0.79	4.13	2.02
2484	1978	35	4.78	1.12	3.65	1.51
2485	1978	34	4.24	0.60	3.64	1.65
2486	1978	33	4.09	0.60	3.49	1.51
2487	1978	32	4.62	0.80	3.81	1.86
2488	1978	31	6.11	1.56	4.55	2.61
2489	1978	30	6.09	1.38	4.71	2.72
2490	1978	29	6.59	1.76	4.82	2.80
2491	1978	28	7.07	2.11	4.95	2.93
2492	1978	27	6.93	1.68	5.25	3.22
2493	1978	26	8.84	2.50	6.34	4.19
2494	1978	25	13.32	6.18	7.14	4.99
2495	1978	24	14.01	6.75	7.26	5.11
2496	1978	23	18.36	9.29	9.08	6.97
2497	1978	22	18.75	9.65	9.10	6.95
2498	1978	21	18.80	9.80	8.99	6.84
2499	1978	20	19.35	10.08	9.27	7.12
2500	1978	19	23.90	12.41	11.50	9.35
2501	1978	18	26.43	13.57	12.86	10.71
2502	1978	17	28.26	15.40	12.86	10.71
2503	1978	16	29.00	15.38	13.62	11.51
2504	1978	15	29.34	15.51	13.83	11.68
2505	1978	14	31.36	17.53	13.83	11.68
2506	1978	13	36.21	21.86	14.36	12.21
2507	1978	12	39.75	23.50	16.25	14.10
2508	1978	11	45.25	27.88	17.38	15.23
2509	1978	10	46.78	28.68	18.10	15.99
2510	1978	9	48.15	29.43	18.72	16.57
2511	1978	8	49.08	30.60	18.48	16.33
2512	1978	7	52.32	32.63	19.68	17.53
2513	1978	6	53.92	34.57	19.35	17.20
2514	1978	5	50.31	31.71	18.61	16.49
2515	1978	4	50.41	31.24	19.17	17.02
2516	1978	3	49.64	30.89	18.75	16.60
2517	1978	2	50.20	32.02	18.18	16.03
2518	1978	1	48.99	31.51	17.47	15.32
2519	1977	52	48.21	30.91	17.30	15.15
2520	1977	51	48.88	31.64	17.24	15.09
2521	1977	50	45.13	29.10	16.03	13.88
2522	1977	49	44.02	27.54	16.47	14.32
2523	1977	48	37.34	21.75	15.59	13.44
2524	1977	47	37.67	21.67	16.00	13.85
2525	1977	46	31.23	19.56	11.66	9.51
2526	1977	45	29.45	17.79	11.66	9.51
2527	1977	44	26.36	17.08	9.28	7.13
2528	1977	43	22.36	13.85	8.51	6.40
2529	1977	42	19.20	11.12	8.07	5.96
2530	1977	41	18.21	11.23	6.98	4.83
2531	1977	40	18.16	10.95	7.21	5.13
2532	1977	39	15.09	9.58	5.52	3.44
2533	1977	38	10.13	6.03	4.09	1.98
2534	1977	37	5.90	1.84	4.06	1.98
2535	1977	36	4.08	0.71	3.37	1.38
2536	1977	35	4.13	0.79	3.34	1.27
2537	1977	34	3.43	0.60	2.82	1.02
2538	1977	33	3.45	0.59	2.86	1.06
2539	1977	32	3.64	0.68	2.96	1.12
2540	1977	31	3.21	0.73	2.47	0.64
2541	1977	30	4.22	0.83	3.39	1.51
2542	1977	29	4.73	0.86	3.87	1.96
2543	1977	28	4.66	1.01	3.65	1.74
2544	1977	27	6.33	2.33	4.01	2.13
2545	1977	26	8.31	2.83	5.47	3.49
2546	1977	25	9.04	2.78	6.26	4.11
2547	1977	24	10.51	3.67	6.85	4.70
2548	1977	23	13.49	6.12	7.37	5.22
2549	1977	22	16.14	7.45	8.69	6.58
2550	1977	21	15.97	7.52	8.46	6.31
2551	1977	20	16.87	8.01	8.87	6.72
2552	1977	19	21.94	12.32	9.63	7.48
2553	1977	18	24.22	13.28	10.94	8.79
2554	1977	17	27.64	15.31	12.33	10.18
2555	1977	16	29.26	16.81	12.45	10.30
2556	1977	15	31.80	18.76	13.04	10.89
2557	1977	14	32.39	18.87	13.52	11.37
2558	1977	13	34.03	19.92	14.11	11.96
2559	1977	12	37.50	22.92	14.58	12.51
2560	1977	11	39.03	23.18	15.85	13.70
2561	1977	10	42.57	26.33	16.25	14.10
2562	1977	9	43.68	26.24	17.44	15.29
2563	1977	8	43.80	28.34	15.46	13.35
2564	1977	7	42.50	26.60	15.90	13.75
2565	1977	6	43.01	27.44	15.58	13.47
2566	1977	5	48.25	30.98	17.27	15.16
2567	1977	4	49.57	31.97	17.60	15.49
2568	1977	3	50.63	32.70	17.93	15.78
2569	1977	2	50.19	31.95	18.24	16.09
2570	1977	1	47.37	29.99	17.38	15.24
2571	1976	53	44.83	28.33	16.49	14.34
2572	1976	52	42.24	26.46	15.78	13.63
2573	1976	51	41.29	25.86	15.43	13.32
2574	1976	50	42.67	26.47	16.21	14.09
2575	1976	49	41.26	25.10	16.15	14.04
2576	1976	48	39.86	23.51	16.35	14.24
2577	1976	47	35.10	22.45	12.65	10.54
2578	1976	46	32.84	20.37	12.47	10.32
2579	1976	45	30.28	19.97	10.32	8.20
2580	1976	44	31.50	21.41	10.09	8.01
2581	1976	43	33.61	22.55	11.06	8.91
2582	1976	42	26.46	18.39	8.07	5.96
2583	1976	41	18.79	12.39	6.40	4.32
2584	1976	40	13.84	7.79	6.06	4.10
2585	1976	39	4.55	0.96	3.59	1.68
2586	1976	38	4.09	0.97	3.12	1.09
2587	1976	37	4.42	0.77	3.65	1.81
2588	1976	36	3.76	0.67	3.09	1.13
2589	1976	35	3.51	0.61	2.90	0.99
2590	1976	34	3.18	0.20	2.98	1.07
2591	1976	33	2.78	0.20	2.57	0.90
2592	1976	32	3.60	0.44	3.17	1.41
2593	1976	31	4.32	0.87	3.44	1.49
2594	1976	30	3.86	0.52	3.34	1.39
2595	1976	29	5.35	1.46	3.89	1.98
2596	1976	28	6.43	2.09	4.34	2.43
2597	1976	27	9.21	3.37	5.84	3.81
2598	1976	26	11.19	4.21	6.98	4.87
2599	1976	25	13.59	6.22	7.37	5.22
2600	1976	24	14.88	7.15	7.73	5.66
2601	1976	23	17.30	9.47	7.84	5.69
2602	1976	22	18.67	10.06	8.62	6.50
2603	1976	21	22.53	12.64	9.89	7.74
2604	1976	20	22.75	12.42	10.33	8.18
2605	1976	19	24.57	13.93	10.64	8.49
2606	1976	18	25.69	14.83	10.86	8.71
2607	1976	17	25.51	15.36	10.16	8.01
2608	1976	16	29.57	17.78	11.79	9.64
2609	1976	15	32.42	19.52	12.90	10.75
2610	1976	14	37.18	22.78	14.40	12.25
2611	1976	13	38.32	23.69	14.63	12.51
2612	1976	12	42.04	26.28	15.76	13.61
2613	1976	11	42.30	26.54	15.76	13.62
2614	1976	10	43.97	26.68	17.29	15.14
2615	1976	9	43.98	28.34	15.64	13.49
2616	1976	8	44.90	28.22	16.68	14.53
2617	1976	7	45.53	28.97	16.56	14.41
2618	1976	6	46.06	28.34	17.72	15.57
2619	1976	5	46.30	29.43	16.86	14.75
2620	1976	4	45.09	27.99	17.09	14.94
2621	1976	3	45.12	28.10	17.02	14.87
2622	1976	2	47.06	29.18	17.88	15.73
2623	1976	1	44.69	27.26	17.43	15.28
2624	1975	52	45.03	28.13	16.90	14.75
2625	1975	51	44.55	27.73	16.81	14.66
2626	1975	50	41.79	25.74	16.05	13.90
2627	1975	49	38.44	22.15	16.29	14.14
2628	1975	48	38.08	20.30	17.77	15.63
2629	1975	47	34.23	20.24	13.99	11.88
2630	1975	46	30.97	17.81	13.16	11.05
2631	1975	45	24.50	13.93	10.58	8.46
2632	1975	44	22.54	12.15	10.40	8.25
2633	1975	43	19.78	10.42	9.36	7.25
2634	1975	42	15.73	7.63	8.09	5.94
2635	1975	41	14.62	6.27	8.36	6.21
2636	1975	40	13.25	6.58	6.68	4.53
2637	1975	39	6.99	2.29	4.70	2.62
2638	1975	38	6.00	1.99	4.00	1.97
2639	1975	37	3.95	0.84	3.11	1.07
2640	1975	36	3.42	0.71	2.71	0.80
2641	1975	35	2.91	0.61	2.30	0.43
2642	1975	34	2.63	0.47	2.16	0.49
2643	1975	33	3.04	0.64	2.40	0.52
2644	1975	32	3.41	0.29	3.12	1.28
2645	1975	31	3.65	0.73	2.91	1.04
2646	1975	30	3.64	0.88	2.76	0.81
2647	1975	29	3.55	0.92	2.62	0.75
2648	1975	28	5.15	2.51	2.64	0.89
2649	1975	27	6.46	3.18	3.28	1.33
2650	1975	26	7.01	2.83	4.18	2.14
2651	1975	25	9.36	3.53	5.82	3.75
2652	1975	24	10.85	4.58	6.26	4.19
2653	1975	23	15.62	7.13	8.49	6.34
2654	1975	22	16.24	7.04	9.20	7.05
2655	1975	21	17.56	8.21	9.35	7.20
2656	1975	20	18.51	9.08	9.42	7.27
2657	1975	19	21.21	10.92	10.29	8.18
2658	1975	18	26.98	13.97	13.01	10.90
2659	1975	17	29.00	15.82	13.18	11.03
2660	1975	16	30.63	15.43	15.20	13.09
2661	1975	15	32.56	16.69	15.88	13.76
2662	1975	14	35.88	19.24	16.64	14.52
2663	1975	13	40.01	22.94	17.07	14.92
2664	1975	12	40.00	23.95	16.05	13.90
2665	1975	11	41.33	23.88	17.45	15.34
2666	1975	10	42.91	25.69	17.22	15.11
2667	1975	9	43.19	26.22	16.97	14.86
2668	1975	8	45.46	27.21	18.26	16.14
2669	1975	7	45.18	28.15	17.02	14.87
2670	1975	6	45.44	27.76	17.68	15.57
2671	1975	5	44.34	27.35	16.99	14.84
2672	1975	4	45.30	27.88	17.42	15.30
2673	1975	3	46.93	29.11	17.82	15.67
2674	1975	2	43.81	26.92	16.89	14.74
2675	1975	1	43.95	26.35	17.60	15.49
2676	1974	52	41.25	25.42	15.84	13.69
2677	1974	51	40.43	24.37	16.06	13.91
2678	1974	50	38.33	23.11	15.21	13.07
2679	1974	49	38.03	22.53	15.50	13.38
2680	1974	48	37.07	22.37	14.70	12.55
2681	1974	47	33.82	19.94	13.88	11.76
2682	1974	46	29.50	18.23	11.27	9.16
2683	1974	45	27.22	16.96	10.26	8.15
2684	1974	44	23.74	12.96	10.78	8.70
2685	1974	43	23.64	13.07	10.57	8.42
2686	1974	42	23.30	12.08	11.22	9.07
2687	1974	41	15.08	7.09	7.99	5.84
2688	1974	40	11.96	4.48	7.47	5.32
2689	1974	39	6.17	1.87	4.30	2.38
2690	1974	38	4.09	0.91	3.19	1.19
2691	1974	37	3.11	0.17	2.94	0.94
2692	1974	36	3.15	0.12	3.03	0.99
2693	1974	35	2.49	0.36	2.12	0.60
2694	1974	34	3.32	0.87	2.44	0.88
2695	1974	33	2.89	0.98	1.91	0.48
2696	1974	32	3.88	1.21	2.67	0.83
2697	1974	31	4.96	1.19	3.78	1.79
2698	1974	30	3.46	0.60	2.86	1.15
2699	1974	29	3.81	0.74	3.07	1.32
2700	1974	28	4.81	1.33	3.48	1.80
2701	1974	27	6.48	2.26	4.23	2.28
2702	1974	26	6.34	2.16	4.18	2.23
2703	1974	25	8.57	4.16	4.41	2.34
2704	1974	24	14.85	7.55	7.30	5.19
2705	1974	23	13.51	6.81	6.70	4.67
2706	1974	22	17.44	8.64	8.80	6.69
2707	1974	21	20.70	10.19	10.50	8.39
2708	1974	20	22.01	10.77	11.24	9.16
2709	1974	19	27.02	14.04	12.98	10.90
2710	1974	18	26.30	13.38	12.92	10.77
2711	1974	17	27.19	14.67	12.52	10.41
2712	1974	16	30.30	16.17	14.13	12.02
2713	1974	15	31.43	16.38	15.05	12.90
2714	1974	14	34.59	19.55	15.04	12.93
2715	1974	13	36.91	21.30	15.61	13.46
2716	1974	12	38.12	21.11	17.01	14.87
2717	1974	11	39.95	25.21	14.73	12.58
2718	1974	10	41.15	26.61	14.55	12.40
2719	1974	9	41.88	26.54	15.33	13.22
2720	1974	8	44.71	27.65	17.06	14.95
2721	1974	7	44.87	28.82	16.04	13.89
2722	1974	6	46.86	30.02	16.84	14.73
2723	1974	5	47.28	30.13	17.15	15.04
2724	1974	4	45.13	28.87	16.26	14.15
2725	1974	3	45.70	29.00	16.70	14.59
2726	1974	2	46.42	27.91	18.51	16.36
2727	1974	1	46.44	28.18	18.26	16.11
2728	1973	52	46.54	29.10	17.45	15.30
2729	1973	51	46.78	29.48	17.30	15.15
2730	1973	50	41.96	25.71	16.25	14.10
2731	1973	49	43.01	26.91	16.11	13.96
2732	1973	48	41.64	26.41	15.23	13.08
2733	1973	47	37.84	23.48	14.36	12.25
2734	1973	46	39.10	24.22	14.88	12.77
2735	1973	45	37.31	22.14	15.18	13.07
2736	1973	44	30.79	18.41	12.38	10.27
2737	1973	43	24.50	15.37	9.12	7.05
2738	1973	42	15.96	8.94	7.02	4.91
2739	1973	41	14.94	7.68	7.26	5.11
2740	1973	40	13.79	6.99	6.80	4.65
2741	1973	39	11.50	6.12	5.38	3.23
2742	1973	38	6.38	2.28	4.10	1.95
2743	1973	37	3.36	0.45	2.91	0.87
2744	1973	36	3.45	0.16	3.28	1.25
2745	1973	35	3.17	0.12	3.05	1.29
2746	1973	34	3.70	0.40	3.30	1.46
2747	1973	33	3.40	0.41	2.99	1.08
2748	1973	32	4.11	0.78	3.33	1.50
2749	1973	31	3.90	0.64	3.26	1.38
2750	1973	30	3.94	0.79	3.15	1.28
2751	1973	29	4.82	1.18	3.63	1.72
2752	1973	28	4.31	0.99	3.31	1.67
2753	1973	27	7.03	2.75	4.27	2.52
2754	1973	26	9.86	3.31	6.55	4.44
2755	1973	25	10.66	4.19	6.47	4.44
2756	1973	24	13.54	5.53	8.01	5.89
2757	1973	23	12.73	5.58	7.15	5.07
2758	1973	22	13.85	7.01	6.84	4.77
2759	1973	21	19.34	10.54	8.80	6.73
2760	1973	20	22.20	12.69	9.51	7.36
2761	1973	19	22.91	12.53	10.39	8.31
2762	1973	18	23.39	12.75	10.63	8.52
2763	1973	17	23.24	12.81	10.43	8.32
2764	1973	16	31.07	17.60	13.48	11.33
2765	1973	15	34.33	20.02	14.31	12.17
2766	1973	14	37.00	21.73	15.27	13.19
2767	1973	13	31.22	17.62	13.60	11.52
2768	1973	12	39.48	25.81	13.67	11.55
2769	1973	11	43.46	27.73	15.72	13.58
2770	1973	10	42.24	26.82	15.43	13.31
2771	1973	9	43.38	28.33	15.05	12.94
2772	1973	8	46.17	29.85	16.32	14.17
2773	1973	7	46.55	28.39	18.16	16.01
2774	1973	6	47.35	30.06	17.29	15.14
2775	1973	5	47.56	31.69	15.87	13.73
2776	1973	4	49.13	32.02	17.11	15.00
2777	1973	3	45.19	28.88	16.30	14.19
2778	1973	2	43.55	27.11	16.44	14.29
2779	1973	1	47.17	29.57	17.60	15.45
2780	1972	52	43.27	26.75	16.52	14.37
2781	1972	51	44.81	27.15	17.66	15.54
2782	1972	50	44.81	27.15	17.66	15.54
2783	1972	49	47.54	29.28	18.26	16.11
2784	1972	48	42.25	26.41	15.85	13.70
2785	1972	47	37.86	23.43	14.42	12.35
2786	1972	46	36.48	23.01	13.47	11.32
2787	1972	45	34.37	21.74	12.64	10.52
2788	1972	44	31.40	20.63	10.77	8.66
2789	1972	43	28.96	17.25	11.71	9.60
2790	1972	42	24.97	14.25	10.72	8.61
2791	1972	41	17.86	9.73	8.13	6.13
2792	1972	40	15.10	8.39	6.71	4.60
2793	1972	39	14.07	7.50	6.57	4.61
2794	1972	38	10.04	4.05	5.99	4.04
2795	1972	37	6.78	2.23	4.55	2.60
2796	1972	36	4.08	0.97	3.11	1.43
2797	1972	35	3.99	0.57	3.42	1.46
2798	1972	34	4.51	0.98	3.53	1.58
2799	1972	33	5.23	1.21	4.02	2.07
2800	1972	32	4.22	0.93	3.29	1.30
2801	1972	31	3.96	0.86	3.10	1.12
2802	1972	30	4.58	1.11	3.47	1.63
2803	1972	29	4.52	0.97	3.55	1.64
2804	1972	28	4.85	1.07	3.78	1.83
2805	1972	27	5.44	0.94	4.50	2.51
2806	1972	26	6.61	1.40	5.20	3.09
2807	1972	25	7.69	2.10	5.58	3.51
2808	1972	24	10.88	4.46	6.42	4.42
2809	1972	23	13.56	6.53	7.02	4.87
2810	1972	22	16.78	8.46	8.32	6.21
2811	1972	21	17.79	8.35	9.44	7.36
2812	1972	20	15.53	7.21	8.32	6.21
2813	1972	19	21.47	10.87	10.60	8.56
2814	1972	18	24.29	13.36	10.93	8.78
2815	1972	17	25.72	12.98	12.73	10.58
2816	1972	16	27.34	13.82	13.53	11.38
2817	1972	15	32.15	18.46	13.69	11.58
2818	1972	14	36.89	22.59	14.30	12.19
2819	1972	13	39.16	24.65	14.51	12.40
2820	1972	12	39.39	24.69	14.71	12.56
2821	1972	11	39.33	24.20	15.14	12.99
2822	1972	10	43.41	27.43	15.98	13.87
2823	1972	9	42.67	26.86	15.81	13.69
2824	1972	8	43.92	27.51	16.41	14.26
2825	1972	7	49.77	32.80	16.97	14.86
2826	1972	6	51.66	34.55	17.11	14.96
2827	1972	5	51.17	33.90	17.27	15.12
2828	1972	4	50.22	33.67	16.55	14.40
2829	1972	3	46.94	31.18	15.77	13.62
2830	1972	2	46.07	28.64	17.43	15.28
2831	1972	1	46.32	28.76	17.56	15.41
2832	1971	53	46.51	28.58	17.92	15.77
2833	1971	52	45.89	29.00	16.88	14.73
2834	1971	51	44.32	27.47	16.85	14.70
2835	1971	50	43.00	25.97	17.03	14.88
2836	1971	49	41.51	24.15	17.37	15.22
2837	1971	48	38.41	22.79	15.62	13.47
2838	1971	47	35.71	22.47	13.24	11.09
2839	1971	46	32.55	18.76	13.79	11.64
2840	1971	45	30.14	16.89	13.25	11.10
2841	1971	44	25.75	14.84	10.91	8.76
2842	1971	43	25.43	16.30	9.13	6.98
2843	1971	42	21.46	12.22	9.24	7.16
2844	1971	41	18.13	9.52	8.61	6.50
2845	1971	40	14.32	7.02	7.30	5.27
2846	1971	27	5.81	2.50	3.31	1.56
2847	1971	26	5.74	2.23	3.51	1.68
2848	1971	25	9.70	4.36	5.34	3.23
2849	1971	24	11.48	5.50	5.98	3.94
2850	1971	23	14.18	6.87	7.31	5.24
2851	1971	22	17.46	9.37	8.08	5.97
2852	1971	21	18.57	10.18	8.39	6.28
2853	1971	20	19.79	10.79	9.00	6.89
2854	1971	19	22.19	12.54	9.65	7.50
2855	1971	18	24.26	13.62	10.64	8.49
2856	1971	17	25.56	14.19	11.37	9.22
2857	1971	16	32.02	17.80	14.23	12.08
2858	1971	15	35.92	20.50	15.43	13.28
2859	1971	14	37.19	21.47	15.72	13.57
2860	1971	13	40.73	24.05	16.68	14.53
2861	1971	12	42.94	25.95	16.99	14.84
2862	1971	11	45.64	28.80	16.83	14.68
2863	1971	10	48.53	30.81	17.72	15.58
2864	1971	9	46.46	28.88	17.58	15.43
2865	1971	8	46.11	29.21	16.89	14.74
2866	1971	7	46.53	29.19	17.34	15.19
2867	1971	6	45.85	29.04	16.81	14.66
2868	1971	5	46.50	29.39	17.11	14.96
2869	1971	4	48.11	30.50	17.61	15.46
2870	1971	3	46.31	28.13	18.18	16.03
2871	1971	2	48.11	29.22	18.89	16.74
2872	1971	1	48.23	30.46	17.76	15.61
2873	1970	52	47.12	29.03	18.08	15.93
2874	1970	51	46.52	28.84	17.68	15.53
2875	1970	50	46.59	29.04	17.56	15.41
2876	1970	49	43.38	27.54	15.85	13.70
2877	1970	48	40.70	24.74	15.96	13.81
2878	1970	47	38.77	24.37	14.39	12.24
2879	1970	46	35.42	22.19	13.24	11.09
2880	1970	45	29.23	18.39	10.85	8.70
2881	1970	44	28.32	17.29	11.03	8.89
2882	1970	43	23.91	14.56	9.36	7.21
2883	1970	42	22.16	13.00	9.16	7.01
2884	1970	41	22.20	14.04	8.17	6.02
2885	1970	40	11.42	6.00	5.42	3.27
2886	1970	39	6.49	1.52	4.96	2.85
2887	1970	38	4.48	0.75	3.74	1.90
2888	1970	37	3.34	0.67	2.68	0.65
2889	1970	36	2.89	0.54	2.35	0.28
2890	1970	35	2.65	0.68	1.97	0.22
2891	1970	34	2.94	0.78	2.16	0.29
2892	1970	33	3.05	0.94	2.12	0.25
2893	1970	32	2.93	0.73	2.20	0.37
2894	1970	31	3.96	1.29	2.67	0.84
2895	1970	30	3.82	1.11	2.71	0.92
2896	1970	29	3.91	1.01	2.90	1.07
2897	1970	28	5.53	1.92	3.60	1.62
2898	1970	27	7.44	2.86	4.59	2.68
2899	1970	26	10.14	3.96	6.18	4.03
2900	1970	25	11.42	5.58	5.84	3.69
2901	1970	24	13.47	7.07	6.41	4.26
2902	1970	23	15.16	8.29	6.87	4.72
2903	1970	22	16.57	8.50	8.07	5.93
2904	1970	21	19.70	10.37	9.33	7.18
2905	1970	20	21.25	11.54	9.71	7.56
2906	1970	19	23.43	13.06	10.37	8.22
2907	1970	18	27.75	15.90	11.85	9.70
2908	1970	17	31.54	18.10	13.44	11.29
2909	1970	16	33.06	18.23	14.83	12.68
2910	1970	15	35.81	20.89	14.93	12.78
2911	1970	14	38.04	22.31	15.72	13.58
2912	1970	13	39.21	23.03	16.18	14.03
2913	1970	12	42.55	25.95	16.60	14.45
2914	1970	11	43.33	26.99	16.34	14.19
2915	1970	10	42.97	26.56	16.41	14.26
2916	1970	9	43.72	27.68	16.04	13.89
2917	1970	8	43.76	27.25	16.51	14.36
2918	1970	7	43.89	26.91	16.98	14.83
2919	1970	6	47.37	30.20	17.16	15.01
2920	1970	5	46.95	29.94	17.01	14.86
2921	1970	4	48.54	30.08	18.45	16.30
2922	1970	3	49.07	30.81	18.26	16.11
2923	1970	2	48.49	29.72	18.77	16.62
2924	1970	1	47.68	29.08	18.61	16.46
2925	1969	52	45.38	27.73	17.64	15.50
2926	1969	51	43.71	26.94	16.77	14.62
2927	1969	50	42.76	25.43	17.34	15.19
2928	1969	49	40.93	24.06	16.86	14.72
2929	1969	48	38.88	24.25	14.63	12.48
2930	1969	47	35.99	21.73	14.26	12.11
2931	1969	46	34.66	20.75	13.91	11.76
2932	1969	45	29.73	18.83	10.89	8.74
2933	1969	44	29.68	19.42	10.26	8.11
2934	1969	22	11.08	4.37	6.71	4.60
2935	1969	21	16.71	9.36	7.35	5.20
2936	1969	20	19.65	11.20	8.45	6.30
2937	1969	19	22.38	12.28	10.11	7.96
2938	1969	18	23.85	12.92	10.92	8.77
2939	1969	17	27.64	15.70	11.94	9.79
2940	1969	16	28.17	15.64	12.54	10.39
2941	1969	15	32.00	18.07	13.93	11.78
2942	1969	14	35.94	21.21	14.73	12.58
2943	1969	13	37.59	21.73	15.87	13.72
2944	1969	12	40.08	23.54	16.54	14.39
2945	1969	11	43.36	25.51	17.85	15.70
2946	1969	10	44.82	26.01	18.80	16.65
2947	1969	9	45.78	28.22	17.56	15.41
2948	1969	8	47.15	29.26	17.90	15.75
2949	1969	7	49.62	31.87	17.75	15.60
2950	1969	6	49.05	31.04	18.01	15.86
2951	1969	5	48.80	30.85	17.95	15.84
2952	1969	4	47.27	29.74	17.53	15.38
2953	1969	3	46.94	29.44	17.49	15.34
2954	1969	2	48.36	30.20	18.16	16.01
2955	1969	1	47.70	29.01	18.68	16.53
2956	1968	52	44.95	26.80	18.15	16.00
2957	1968	51	44.10	25.85	18.25	16.10
2958	1968	50	44.11	26.93	17.18	15.03
2959	1968	49	42.76	26.33	16.43	14.29
2960	1968	48	38.68	25.16	13.51	11.36
2961	1968	47	37.70	23.79	13.90	11.75
2962	1968	46	37.31	22.35	14.96	12.82
2963	1968	45	33.19	20.97	12.22	10.07
2964	1968	44	28.40	16.95	11.45	9.30
2965	1968	43	24.01	14.96	9.04	6.93
2966	1968	42	19.68	11.73	7.95	5.84
2967	1968	41	18.52	12.04	6.49	4.37
2968	1968	40	13.16	8.65	4.51	2.39
2969	1968	39	5.59	2.17	3.42	1.34
2970	1968	38	4.07	1.16	2.91	0.87
2971	1968	37	3.85	1.01	2.84	0.77
2972	1968	36	2.78	0.14	2.64	0.57
2973	1968	35	2.19	0.08	2.11	0.24
2974	1968	34	2.07	0.08	1.99	0.20
2975	1968	33	2.03	0.08	1.94	0.40
2976	1968	32	2.11	0.08	2.03	0.28
2977	1968	31	2.08	0.08	1.99	0.20
2978	1968	26	5.18	1.76	3.42	1.94
2979	1968	25	7.06	2.98	4.08	2.46
2980	1968	24	7.99	2.85	5.14	3.35
2981	1968	23	9.85	4.12	5.74	3.95
2982	1968	22	11.12	4.81	6.32	4.45
2983	1968	21	13.42	6.90	6.52	4.65
2984	1968	20	15.31	7.72	7.58	5.88
2985	1968	19	18.36	9.53	8.83	6.91
2986	1968	18	22.38	11.97	10.42	8.27
2987	1968	17	24.77	13.44	11.33	9.18
2988	1968	16	26.00	14.32	11.69	9.58
2989	1968	15	29.35	17.00	12.35	10.20
2990	1968	14	31.97	18.54	13.43	11.28
2991	1968	13	33.18	20.43	12.74	10.59
2992	1968	12	35.99	22.04	13.95	11.80
2993	1968	11	37.36	23.07	14.29	12.14
2994	1968	10	40.56	25.79	14.77	12.62
2995	1968	9	42.48	28.06	14.42	12.27
2996	1968	8	42.09	26.74	15.36	13.21
2997	1968	7	43.93	27.91	16.02	13.87
2998	1968	6	43.98	27.45	16.53	14.38
2999	1968	5	46.14	29.23	16.91	14.93
3000	1968	4	45.86	29.89	15.97	13.86
3001	1968	3	45.69	28.50	17.19	15.04
3002	1968	2	48.75	30.04	18.70	16.55
3003	1968	1	44.71	26.00	18.72	16.57
3004	1967	52	47.73	29.23	18.50	16.35
3005	1967	51	45.48	29.22	16.26	14.11
3006	1967	50	41.70	25.09	16.61	14.58
3007	1967	49	42.86	27.28	15.59	13.44
3008	1967	48	42.38	26.52	15.86	13.71
3009	1967	47	37.77	23.78	13.99	11.85
3010	1967	46	35.61	22.03	13.59	11.44
3011	1967	45	32.60	20.24	12.36	10.21
3012	1967	44	27.76	16.76	11.00	8.85
3013	1967	43	22.01	12.10	9.91	7.76
3014	1967	42	19.90	11.58	8.32	6.18
3015	1967	41	19.25	10.41	8.84	6.72
3016	1967	40	10.26	4.49	5.78	3.63
3017	1967	39	8.50	3.73	4.77	2.65
3018	1967	38	6.05	1.67	4.37	2.22
3019	1967	37	5.16	1.51	3.66	1.51
3020	1967	36	4.51	0.54	3.97	1.86
3021	1967	35	5.88	1.89	3.99	2.12
3022	1967	34	4.94	1.70	3.24	1.53
3023	1967	33	5.17	1.89	3.29	1.54
3024	1967	32	4.71	1.42	3.29	1.58
3025	1967	31	6.15	2.40	3.75	1.96
3026	1967	30	7.20	2.87	4.34	2.47
3027	1967	29	7.97	3.51	4.46	2.71
3028	1967	28	7.77	3.64	4.13	2.34
3029	1967	27	8.87	3.99	4.88	3.13
3030	1967	26	10.54	3.98	6.56	4.57
3031	1967	25	13.55	6.49	7.07	5.16
3032	1967	24	13.69	6.85	6.84	4.89
3033	1967	23	15.81	8.39	7.42	5.59
3034	1967	22	17.49	8.69	8.80	6.84
3035	1967	21	20.19	11.07	9.11	7.20
3036	1967	20	21.43	11.36	10.08	8.16
3037	1967	19	24.22	13.00	11.22	9.19
3038	1967	18	25.98	13.48	12.50	10.51
3039	1967	17	28.86	15.07	13.79	11.64
3040	1967	16	31.41	16.75	14.66	12.51
3041	1967	15	32.52	18.65	13.87	11.72
3042	1967	14	37.39	22.87	14.52	12.37
3043	1967	13	37.07	22.12	14.95	12.80
3044	1967	12	40.63	24.87	15.76	13.61
3045	1967	11	43.74	27.44	16.30	14.15
3046	1967	10	44.33	27.97	16.36	14.21
3047	1967	9	47.17	30.52	16.65	14.50
3048	1967	8	46.95	29.76	17.20	15.05
3049	1967	7	48.43	31.03	17.41	15.26
3050	1967	6	47.51	30.28	17.23	15.08
3051	1967	5	46.76	29.79	16.97	14.82
3052	1967	4	48.97	30.80	18.17	16.02
3053	1967	3	47.85	30.76	17.09	14.94
3054	1967	2	47.11	29.21	17.90	15.75
3055	1967	1	50.02	32.06	17.96	15.81
3056	1966	52	49.85	31.65	18.21	16.06
3057	1966	51	44.59	28.55	16.04	13.89
3058	1966	50	42.16	26.87	15.30	13.15
3059	1966	49	40.54	24.14	16.41	14.26
3060	1966	48	38.60	23.62	14.98	12.83
3061	1966	47	35.99	21.78	14.21	12.06
3062	1966	46	36.29	22.46	13.83	11.68
3063	1966	45	36.08	21.66	14.42	12.27
3064	1966	44	30.33	17.68	12.65	10.50
3065	1966	43	26.95	16.97	9.98	7.83
3066	1966	42	26.50	15.76	10.74	8.59
3067	1966	41	22.84	14.66	8.18	6.10
3068	1966	40	15.19	7.98	7.21	5.14